identifier,gene_id,symbol
-,-,A130040M12Rik
-,-,AF030089
-,-,AF050659
-,-,AF267752
-,-,AF322224
-,-,AF435963
-,-,AF545831
-,-,AJ437403
-,-,AK081227
-,-,AK087060?
-,-,Alu-RARNA
-,-,AY007691
-,-,AY383714
-,-,B1 RNA
NONMMUNOBEDT076234,NONMMUNOBEDT076234,B2 RNA
-,-,BC063168
-,-,BC064030
-,-,BC085903
-,-,BC088258
-,-,BC088349
-,-,BC090353
-,-,BC094214
-,-,BC097997
-,-,BC099096
-,-,BC099234
NONMMUT062758,NONMMUT062758,BC1
-,-,BC100074
-,-,BC111077
-,-,BC158613
-,-,BC158671
-,-,BC158675
-,-,BC158811
-,-,BC161977
-,-,BC161988
-,-,BC166474
-,-,BC166798
-,-,BC166932
-,-,BC166935
-,-,BC167004
-,-,BC168162
-,-,BC168954
-,-,BC169038
-,-,BC169100
-,-,DQ266361
-,-,DQ359102
-,-,DQ832324
-,-,EF094477
-,-,EF613276
-,-,EF688596
NONMMUT069262,NONMMUT069262,Gomafu
NONMMUG017647,NONMMUG017647,HOTAIR
-,-,L22653
-,-,linc1349
-,-,linc1379
NONMMUG045923,NONMMUG045923,C330013F16Rik
-,-,linc1417
-,-,linc1422
-,-,linc1439
-,-,linc1463
-,-,linc1477
-,-,linc1483
-,-,linc1506
-,-,linc1515
-,-,linc1549
-,-,linc1555
-,-,linc1561
NONMMUG037823,NONMMUG037823,linc1565
-,-,linc1608
-,-,linc1612
-,-,linc1633
-,-,linc-HOXA1
-,-,Mistral
-,-,MRAK005234
-,-,MRAK010087
-,-,MRAK011616
-,-,MRAK012211
-,-,MRAK013532
-,-,MRAK013736
-,-,MRAK014035
-,-,MRAK014638
-,-,MRAK017269
-,-,MRAK017754
-,-,MRAK019982
-,-,MRAK021346
-,-,MRAK028347
-,-,MRAK035295
-,-,MRAK038961
-,-,MRAK040264
-,-,MRAK041468
-,-,MRAK043151
-,-,MRAK045560
-,-,MRAK046848
-,-,MRAK047212
-,-,MRAK049735
-,-,MRAK050417
-,-,MRAK050935
-,-,MRAK053211
-,-,MRAK080234
-,-,MRAK080604
-,-,MRAK082557
-,-,MRAK083513
-,-,MRAK086453
-,-,MRAK131843
-,-,MRAK135044
-,-,MRAK136334
-,-,MRAK143109
-,-,MRAK154943
-,-,MRAK159688
-,-,MRAK163011
-,-,MRAK164152
-,-,MRAK164163
-,-,MRAK164927
-,-,MRAK166199
-,-,MRAK167711
-,-,MRBC019134
-,-,MRBC030402
-,-,MRBC052873
-,-,MRNR_002452
-,-,MRuc007jsx
-,-,MRuc007kvk
-,-,MRuc007nzw
-,-,MRuc007pap
-,-,MRuc007pas
-,-,MRuc008sut
-,-,MRuc008vjw
-,-,MRuc008ymd
-,-,MRuc009dpe
-,-,MRuc009ktv
-,-,MRuc009mni
-,-,MRuc009pdp
-,-,Myheart779
-,-,NR_027324
-,-,S66184
-,-,S74342
-,-,S77494
-,-,S81002
-,-,TERRA
-,-,Tug-1
NONMMUNOBEDT000188,NONMMUNOBEDT000188,U1
NONMMUT012388,NONMMUT012388,U3
NONMMUT058794,NONMMUT058794,U7
-,-,uc.308-
-,-,uc.63-
-,-,X05699
-,-,X93219
-,-,XR_005433
-,-,XR_005513
-,-,XR_005561
-,-,XR_005617
-,-,XR_005636
-,-,XR_005733
-,-,XR_005800
-,-,XR_005868
-,-,XR_006148
-,-,XR_006309
-,-,XR_006612
-,-,XR_006768
-,-,XR_006778
-,-,XR_007040
-,-,XR_007101
-,-,XR_007247
-,-,XR_007265
-,-,XR_007305
-,-,XR_007321
-,-,XR_007355
-,-,XR_007384
-,-,XR_007404
-,-,XR_007454
-,-,XR_007499
-,-,XR_007929
-,-,XR_007959
-,-,XR_008036
-,-,XR_008147
-,-,XR_008295
-,-,XR_008508
-,-,XR_008555
-,-,XR_008741
-,-,XR_008769
-,-,XR_008791
-,-,XR_008876
-,-,XR_008939
-,-,XR_009083
-,-,XR_009151
-,-,XR_009193
-,-,XR_009451
-,-,XR_009582
-,-,0610038F07Rik
-,-,0910001A06Rik
NONMMUG033647,NONMMUG033647,1110008J03Rik
-,-,1110020P15Rik
NONMMUG036778,NONMMUG036778,1190002F15Rik
-,-,1200002N14Rik
NONMMUG029136,NONMMUG029136,1300002K09Rik
-,-,1500001A10Rik
NONMMUG025548,NONMMUG025548,1500012F01Rik
-,-,1700012G19Rik
NONMMUG016287,NONMMUG016287,1700021K19Rik
-,-,1700102J08Rik
-,-,1810015C04Rik
NONMMUG028920,NONMMUG028920,2010003O02Rik
NONMMUG006558,NONMMUG006558,2010012P19Rik
NONMMUG008293,NONMMUG008293,2310003H01Rik
-,-,2310014G06Rik
-,-,2310022M17Rik
-,-,2310039E09Rik
-,-,2310045A20Rik
NONMMUG008099,NONMMUG008099,2310067B10Rik
-,-,2310076L09Rik
-,-,2410014A08Rik
-,-,2410017P07Rik
-,-,2410018C17Rik
NONMMUG042944,NONMMUG042944,2410076I21Rik
-,-,2410127E18Rik
-,-,2410166I05Rik
-,-,2410187C16Rik
NONMMUG016563,NONMMUG016563,2610015P09Rik
-,-,2610019A05Rik
-,-,2610019N06Rik
-,-,2610207I05Rik
-,-,2610209M04Rik
NONMMUG039502,NONMMUG039502,2700050L05Rik
-,-,2810002O09Rik
-,-,2810012G03Rik
-,-,2810485I05Rik
-,-,2900024C23Rik
-,-,2900073G15Rik
-,-,3110050N22Rik
-,-,3300001P08Rik
-,-,3930401K13Rik
-,-,4631426J05Rik
-,-,4921505C17Rik
-,-,4930500O05Rik
-,-,4930528A17Rik
-,-,4930553C11Rik
-,-,4932417H02Rik
-,-,4933407N01Rik
-,-,5033414K04Rik
-,-,5730596K20Rik
-,-,5830404H04Rik
-,-,5830417C01Rik
NONMMUG042165,NONMMUG042165,5830418K08Rik
-,-,5830434P21Rik
-,-,6030408C04Rik
-,-,6030443O07Rik
-,-,6330442E10Rik
-,-,6330500D04Rik
-,-,8030451F13Rik
NONMMUG035927,NONMMUG035927,8430410A17Rik
-,-,8430426H19Rik
-,-,9030205A07Rik
-,-,9030612M13Rik
-,-,9130227C08Rik
-,-,9630058J23Rik
-,-,A030007L17Rik
-,-,A230067G21Rik
-,-,A2bp1
-,-,A430093A21Rik
-,-,A630042L21Rik
-,-,A930008G19Rik
-,-,Aadacl1
NONMMUG027795,NONMMUG027795,NONMMUG027794
-,-,AC087117.1
-,-,AC091681.1
NONMMUG018889,NONMMUG018889,AC098726.1
NONMMUG041301,NONMMUG041301,AC102398.1
-,-,AC103397.2
NONMMUG038192,NONMMUG038192,AC107641.1
NONMMUG037256,NONMMUG037256,AC107704.1
NONMMUG009395,NONMMUG009395,AC108401.2
-,-,AC110186.1
-,-,AC110564.1
-,-,AC114425.1
-,-,AC122015.1
-,-,AC122223.2
-,-,AC123039.1
NONMMUG027996,NONMMUG027996,AC123608.1
-,-,AC123647.1
-,-,AC123935.1
-,-,AC125186.3
-,-,AC125204.2
-,-,AC125254.1
-,-,AC131780.5
-,-,AC131780.9
-,-,AC133199.1
NONMMUG016118,NONMMUG016118,AC133967.1
-,-,AC134246.2
NONMMUG036052,NONMMUG036052,AC136008.1
NONMMUG042596,NONMMUG042596,AC148328.2
-,-,AC152164.3
-,-,AC153356.1
-,-,AC154136.1
NONMMUG027824,NONMMUG027824,AC155158.1
-,-,AC156506.2
-,-,AC156554.1
-,-,AC158301.1
-,-,AC161167.2
-,-,AC161198.2
-,-,AC161503.1
-,-,AC161597.1
NONMMUG013313,NONMMUG013313,AC162936.1
-,-,AC163617.2
-,-,AC166290.1
NONMMUG043679,NONMMUG043679,Acpl2
NONMMUG038550,NONMMUG038550,NONMMUG038549
NONMMUG030707,NONMMUG030707,Adc
-,-,Adfp
NONMMUG006049,NONMMUG006049,Agxt2l2
-,-,AI595366
-,-,AK034233
-,-,AK034994
-,-,AK035306
-,-,AK036286
-,-,AK038753
-,-,AK039256
-,-,AK040443
-,-,AK041352
-,-,AK041859
-,-,AK049993
-,-,AK051417
-,-,AK053286
-,-,AK076660
-,-,AK076734
-,-,AK078684
-,-,AK079047
-,-,AK082843
-,-,AK086793
-,-,AK132670
-,-,AK132727
-,-,AK135736
-,-,AK135893
-,-,AK136218
-,-,AK136608
-,-,AK137218
-,-,AK138921
-,-,AK139724
-,-,AK139796
-,-,AK143102
-,-,AK148632
-,-,AK158858
-,-,Ak3l1
NONMMUG006352,NONMMUG006352,RP23-70A15.5
-,-,Akr1a4
-,-,AL731552.1
-,-,AL928940.1
-,-,Alkbh1/Nrp
-,-,Als2cr13
-,-,Als2cr2
-,-,Ap1gbp1
-,-,Arl6ip2
NONMMUG036987,NONMMUG036987,NONMMUG036984
NONMMUG024206,NONMMUG024206,Atpbd4
-,-,AU021838
-,-,AU040829
-,-,AV249152
-,-,AY172335.14
-,-,AY172335.17
-,-,AY172335.2
-,-,AY172335.21
-,-,AY172335.5
-,-,AY172335.6
-,-,AY172335.7
-,-,AY172335.8
NONMMUG008278,NONMMUG008278,Azi1
-,-,B230339M05Rik
-,-,B230380D07Rik
NONMMUG034421,NONMMUG034421,B3galtl
-,-,B930006L02Rik
-,-,B930094L07Rik
NONMMUG000276,NONMMUG000276,Bai3
-,-,Bat2d
-,-,BC002199
-,-,BC003885
-,-,BC010304
-,-,BC021381
NONMMUG029333,NONMMUG029333,BC026590
NONMMUG025231,NONMMUG025231,NONMMUG025229
-,-,BC031748
-,-,BC033915
-,-,BC043118
NONMMUG037665,NONMMUG037665,BC053749
NONMMUG041130,NONMMUG041130,BC056474
-,-,Btbd14a
NONMMUG037753,NONMMUG037753,C230052I12Rik
NONMMUG037582,NONMMUG037582,C330005M16Rik
-,-,C530043G21Rik
-,-,C920021A13
-,-,Cabc1
-,-,Camsap1l1
-,-,Cbara1
NONMMUG039314,NONMMUG039314,Ccdc101
NONMMUG005609,NONMMUG005609,Ccdc104
NONMMUG040502,NONMMUG040502,Ccdc111
-,-,Ccdc44
NONMMUG018199,NONMMUG018199,NONMMUG018187
NONMMUG041069,NONMMUG041069,Cd97
-,-,Cdc2l5
-,-,Cdc2l6
-,-,Centb2
-,-,Centg2
-,-,Ckap5/Snord67
NONMMUG001238,NONMMUG001238,NONMMUG001237
-,-,CT025619.2
-,-,CT030226.1
-,-,Cugbp1
-,-,Cugbp2
NONMMUG020514,NONMMUG020514,Cyb5
-,-,D12Ertd551e
-,-,D130059P03Rik
-,-,D15Wsu75e
-,-,D1Ertd53e
-,-,D330038O06Rik
-,-,D3Ertd300e
NONMMUG030980,NONMMUG030980,D4Wsu53e
-,-,D5Wsu178e
-,-,D830031N03Rik
-,-,Ddef1
-,-,Depdc2
NONMMUG019724,NONMMUG019724,Diap1
NONMMUG045801,NONMMUG045801,Diap2
-,-,Dmn
NONMMUG002653,NONMMUG002653,Dnahc14
NONMMUG006446,NONMMUG006446,Dnahc9
NONMMUG014969,NONMMUG014969,Dnalc4
NONMMUG004114,NONMMUG004114,Dos
-,-,Dullard
-,-,E030049G20Rik
NONMMUG029217,NONMMUG029217,E130309F12Rik
NONMMUG015355,NONMMUG015355,E330033B04Rik
-,-,E430002G05Rik
NONMMUG039645,NONMMUG039645,Efcab4a
-,-,EG628596
-,-,Eif1ay
NONMMUG028245,NONMMUG028245,Eltd1
ENSMUSG00000053512,ENSMUSG00000053512,ENSMUSG00000053512
ENSMUSG00000074747,ENSMUSG00000074747,ENSMUSG00000074747
ENSMUSG00000076828,ENSMUSG00000076828,ENSMUSG00000076828
ENSMUSG00000076845,ENSMUSG00000076845,ENSMUSG00000076845
ENSMUSG00000079640,ENSMUSG00000079640,ENSMUSG00000079640
ENSMUSG00000090526,ENSMUSG00000090526,ENSMUSG00000090526
NONMMUG033365,NONMMUG033365,NONMMUG033359
NONMMUG025267,NONMMUG025267,Epb4.1l1
NONMMUG029347,NONMMUG029347,Epb4.1l4b
-,-,Epb401l1
-,-,Epb401l5
-,-,Evi1
-,-,F830002L21Rik
NONMMUG035168,NONMMUG035168,Fam115a
-,-,Fbxl11
-,-,Frap1
-,-,Freq
-,-,Ftl2
-,-,Fusip1
-,-,Garnl1
-,-,Garnl4
-,-,Gats
NONMMUG031611,NONMMUG031611,Gltpd1
-,-,Gm10294
NONMMUG040725,NONMMUG040725,Gm10664
NONMMUG023465,NONMMUG023465,Gm13659
NONMMUG034909,NONMMUG034909,Gm13847
NONMMUG015970,NONMMUG015970,Gm15797
NONMMUG034569,NONMMUG034569,Gm16039
-,-,Gm16460
NONMMUG006318,NONMMUG006318,Gm16515
NONMMUG018065,NONMMUG018065,AK133808
-,-,Gm3515
-,-,Gm3925
-,-,Gm7455
NONMMUG004407,NONMMUG004407,Gm872
-,-,Gm879
-,-,Gm944
-,-,Gm967
-,-,Gpr120
-,-,Gpr177
NONMMUG046237,NONMMUG046237,Gpr64
NONMMUG011483,NONMMUG011483,Gpr98
-,-,Gpsn2
-,-,Grinl1a
-,-,Gtlf3b
NONMMUG045292,NONMMUG045292,Gyk
NONMMUG018082,NONMMUG018082,H2-Ke2
-,-,Hisppd2a
-,-,Hist3h2bb
-,-,Hmgb2l1
NONMMUG033091,NONMMUG033091,Hnrpdl
-,-,Hprt1
-,-,Hrasls3
-,-,Ifrg15
-,-,Igh-VJ558
-,-,Ihpk1
NONMMUG001274,NONMMUG001274,NONMMUG001272
-,-,Jmjd3
-,-,Josd3
NONMMUG018510,NONMMUG018510,NONMMUG018509
NONMMUG034857,NONMMUG034857,NONMMUG034856
-,-,Larp2
-,-,Larp5
-,-,Lats2/Xpo4
NONMMUG030442,NONMMUG030442,Lepre1
NONMMUG016127,NONMMUG016127,Leprel1
-,-,Lgtn
-,-,LOC100043225
-,-,LOC100047252
-,-,LOC100047292
-,-,LOC100233207
-,-,LOC100502638
-,-,LOC100502643
-,-,LOC100502832
-,-,LOC100502960
-,-,LOC100503040
-,-,LOC100503195
-,-,LOC100503501
-,-,LOC100503519
-,-,LOC100503687
-,-,LOC100503776
-,-,LOC100503882
-,-,LOC100503902
-,-,LOC100503984
-,-,LOC100504079
-,-,LOC100504169
-,-,LOC100504227
-,-,LOC100504267
-,-,LOC100504295
-,-,LOC100504408
-,-,LOC100504480
-,-,LOC100504619
-,-,LOC100504622
-,-,LOC100504669
-,-,LOC100505288
-,-,LOC433197
-,-,LOC547349
-,-,LOC552913
-,-,LOC624759
-,-,LOC626082
-,-,LOC626904
-,-,LOC628686
NONMMUG032849,NONMMUG032849,Lphn3
-,-,Mak10
-,-,Map3k7ip2
NONMMUG009182,NONMMUG009182,NONMMUG009178
-,-,Mbc2
-,-,Mett10d
-,-,Mizf
NONMMUG040501,NONMMUG040501,Mlf1ip
NONMMUG027757,NONMMUG027757,mmu-mir-137
-,-,Mobkl1a
-,-,Mobkl3
-,-,Msl31
NONMMUG001400,NONMMUG001400,Mterfd2
NONMMUG034891,NONMMUG034891,n421245
NONMMUG042184,NONMMUG042184,NONMMUG042180
-,-,Narg1
NONMMUG043221,NONMMUG043221,Narg2
-,-,Nat13
-,-,Neurl
-,-,Neurod1/Cerkl
-,-,Niban
-,-,Nol5a
-,-,Nope
NONMMUG042852,NONMMUG042852,NONMMUG042851
-,-,Oprm1 Ipcef1
-,-,Orc3l
-,-,Orc4l
-,-,Orc5l
NONMMUG020732,NONMMUG020732,NONMMUG020729
-,-,Patl2 B2m
-,-,Pcp4/Igsf5
-,-,Pctk1
-,-,Penk1
-,-,Pftk1
NONMMUG021846,NONMMUG021846,NONMMUG021845
-,-,Plec1
NONMMUG040145,NONMMUG040145,Ppapdc1b
-,-,Ppm2c
-,-,Ppp1r1b 1700003D09Rik
-,-,Ppp3r1/Wdr92
-,-,Prei4
-,-,Prkcbp1
-,-,Prr8
-,-,Psmd1/Armc9
-,-,Rab6
NONMMUG028306,NONMMUG028306,NONMMUG028306
-,-,Raet1a
-,-,Raver1-fdx1l
-,-,Rbm9
NONMMUG013092,NONMMUG013092,NONMMUG013087
NONMMUT056739,NONMMUT056739,Rn4.5s
-,-,Rn45s
-,-,Rnasen
-,-,RNCR3
-,-,Rnf12
-,-,RP23-104I6.1
-,-,RP23-106P4.2
-,-,RP23-109E24.2
-,-,RP23-144K18.1
-,-,RP23-16N14.1
-,-,RP23-171J18.1
-,-,RP23-189F6.3
-,-,RP23-198F11.2
-,-,RP23-270A19.3
-,-,RP23-277K21.1
-,-,RP23-294O1.1
-,-,RP23-307I20.1
-,-,RP23-309D8.2
-,-,RP23-31O23.5
-,-,RP23-334J9.1
NONMMUT009843,NONMMUT009843,RP23-336J1.8
-,-,RP23-338O4.6
-,-,RP23-348F1.1
-,-,RP23-353O20.2
-,-,RP23-386E10.10
-,-,RP23-418N2.3
-,-,RP23-431C5.1
-,-,RP23-443L17.4
-,-,RP23-64N1.1
-,-,RP23-94F11.5
-,-,RP23-97P13.1
-,-,RP24-104I20.4
-,-,RP24-174M12.1
-,-,RP24-242M17.3
-,-,RP24-255G1.8
-,-,RP24-556H22.1
NONMMUG019909,NONMMUG019909,RP24-94D24.1
NONMMUG004527,NONMMUG004527,NONMMUG004527
NONMMUG002177,NONMMUG002177,NONMMUG002177
NONMMUG036985,NONMMUG036985,NONMMUG036984
NONMMUG032378,NONMMUG032378,NONMMUG032378
NONMMUG028328,NONMMUG028328,NONMMUG028328
NONMMUG028352,NONMMUG028352,NONMMUG028352
NONMMUG027773,NONMMUG027773,NONMMUG027773
NONMMUG009237,NONMMUG009237,NONMMUG009237
NONMMUG001144,NONMMUG001144,NONMMUG001144
NONMMUG002225,NONMMUG002225,NONMMUG002225
NONMMUG024040,NONMMUG024040,NONMMUG024040
NONMMUG002502,NONMMUG002502,NONMMUG002502
NONMMUG005991,NONMMUG005991,NONMMUG005991
NONMMUG001688,NONMMUG001688,NONMMUG001688
NONMMUG044085,NONMMUG044085,NONMMUG044085
NONMMUG027006,NONMMUG027006,NONMMUG027006
NONMMUG010867,NONMMUG010867,NONMMUG010867
NONMMUG033950,NONMMUG033950,NONMMUG033950
NONMMUG040991,NONMMUG040991,NONMMUG040991
NONMMUG038161,NONMMUG038161,NONMMUG038161
NONMMUG036444,NONMMUG036444,NONMMUG036444
NONMMUG009290,NONMMUG009290,NONMMUG009290
NONMMUG001955,NONMMUG001955,NONMMUG001955
NONMMUG036434,NONMMUG036434,NONMMUG036434
NONMMUG034784,NONMMUG034784,NONMMUG034784
NONMMUG000753,NONMMUG000753,NONMMUG000753
NONMMUG035543,NONMMUG035543,NONMMUG035543
NONMMUG036365,NONMMUG036365,NONMMUG036365
NONMMUG040627,NONMMUG040627,NONMMUG040627
NONMMUG035822,NONMMUG035822,NONMMUG035822
NONMMUG000313,NONMMUG000313,NONMMUG000313
NONMMUG022639,NONMMUG022639,NONMMUG022639
NONMMUG011610,NONMMUG011610,NONMMUG011610
NONMMUG009971,NONMMUG009971,NONMMUG009971
NONMMUG000386,NONMMUG000386,NONMMUG000386
NONMMUG000425,NONMMUG000425,NONMMUG000425
NONMMUG000480,NONMMUG000480,NONMMUG000480
NONMMUG000742,NONMMUG000742,NONMMUG000742
NONMMUG000754,NONMMUG000754,NONMMUG000754
NONMMUG000842,NONMMUG000842,NONMMUG000842
NONMMUG001105,NONMMUG001105,NONMMUG001105
NONMMUG001374,NONMMUG001374,NONMMUG001374
NONMMUG001555,NONMMUG001555,NONMMUG001555
NONMMUG001677,NONMMUG001677,NONMMUG001677
NONMMUG001779,NONMMUG001779,NONMMUG001779
NONMMUG001780,NONMMUG001780,NONMMUG001780
NONMMUG002168,NONMMUG002168,NONMMUG002168
NONMMUG002194,NONMMUG002194,NONMMUG002194
NONMMUG026731,NONMMUG026731,NONMMUG026731
NONMMUG027155,NONMMUG027155,NONMMUG027155
NONMMUG028173,NONMMUG028173,NONMMUG028173
NONMMUG032030,NONMMUG032030,NONMMUG032030
NONMMUG032262,NONMMUG032262,NONMMUG032262
NONMMUG032483,NONMMUG032483,NONMMUG032483
NONMMUG032875,NONMMUG032875,NONMMUG032875
NONMMUG032939,NONMMUG032939,NONMMUG032939
NONMMUG033471,NONMMUG033471,NONMMUG033471
NONMMUG033497,NONMMUG033497,NONMMUG033497
NONMMUG033752,NONMMUG033752,NONMMUG033752
NONMMUG034050,NONMMUG034050,NONMMUG034050
NONMMUG034503,NONMMUG034503,NONMMUG034503
NONMMUG035428,NONMMUG035428,NONMMUG035428
NONMMUG035491,NONMMUG035491,NONMMUG035491
NONMMUG035630,NONMMUG035630,NONMMUG035630
NONMMUG036034,NONMMUG036034,NONMMUG036034
NONMMUG036282,NONMMUG036282,NONMMUG036282
NONMMUG036378,NONMMUG036378,42071
NONMMUG036903,NONMMUG036903,NONMMUG036903
NONMMUG037643,NONMMUG037643,NONMMUG037643
NONMMUG038063,NONMMUG038063,NONMMUG038063
NONMMUG038266,NONMMUG038266,NONMMUG038266
NONMMUG038288,NONMMUG038288,NONMMUG038288
NONMMUG038660,NONMMUG038660,NONMMUG038660
NONMMUG038903,NONMMUG038903,NONMMUG038903
NONMMUG040520,NONMMUG040520,NONMMUG040520
NONMMUG041373,NONMMUG041373,NONMMUG041373
NONMMUG042487,NONMMUG042487,NONMMUG042487
NONMMUG043647,NONMMUG043647,NONMMUG043647
NONMMUG043659,NONMMUG043659,NONMMUG043659
NONMMUG043822,NONMMUG043822,NONMMUG043822
NONMMUG043908,NONMMUG043908,NONMMUG043908
NONMMUG003786,NONMMUG003786,NONMMUG003786
NONMMUG008908,NONMMUG008908,NONMMUG008908
NONMMUG014517,NONMMUG014517,NONMMUG014517
NONMMUG044454,NONMMUG044454,NONMMUG044454
NONMMUG026936,NONMMUG026936,NONMMUG026936
NONMMUG001441,NONMMUG001441,NONMMUG001441
NONMMUG000550,NONMMUG000550,RPI001_808051
NONMMUG010255,NONMMUG010255,NONMMUG010255
NONMMUG026311,NONMMUG026311,NONMMUG026311
NONMMUG034008,NONMMUG034008,NONMMUG034008
NONMMUG028204,NONMMUG028204,NONMMUG028204
NONMMUG019930,NONMMUG019930,NONMMUG019930
NONMMUG039073,NONMMUG039073,NONMMUG039073
NONMMUG032148,NONMMUG032148,NONMMUG032148
NONMMUG043645,NONMMUG043645,NONMMUG043645
NONMMUG035667,NONMMUG035667,NONMMUG035667
NONMMUG020442,NONMMUG020442,NONMMUG020442
NONMMUG001819,NONMMUG001819,NONMMUG001819
NONMMUG002780,NONMMUG002780,RPI001_813946
NONMMUG001366,NONMMUG001366,NONMMUG001366
NONMMUG022732,NONMMUG022732,NONMMUG022732
NONMMUG002065,NONMMUG002065,NONMMUG002065
NONMMUG043951,NONMMUG043951,NONMMUG043951
NONMMUG017199,NONMMUG017199,NONMMUG017199
NONMMUG002191,NONMMUG002191,NONMMUG002178
NONMMUG031662,NONMMUG031662,NONMMUG031662
NONMMUG042670,NONMMUG042670,NONMMUG042670
NONMMUG014839,NONMMUG014839,NONMMUG014839
NONMMUG002852,NONMMUG002852,NONMMUG002852
NONMMUG011222,NONMMUG011222,NONMMUG011222
NONMMUG031937,NONMMUG031937,NONMMUG031937
NONMMUG003276,NONMMUG003276,NONMMUG003276
NONMMUG003158,NONMMUG003158,NONMMUG003158
NONMMUG009125,NONMMUG009125,NONMMUG009125
NONMMUG038066,NONMMUG038066,NONMMUG038066
NONMMUG011034,NONMMUG011034,NONMMUG011034
NONMMUG004490,NONMMUG004490,NONMMUG004490
NONMMUG002658,NONMMUG002658,NONMMUG002658
NONMMUG028218,NONMMUG028218,NONMMUG028218
NONMMUG032234,NONMMUG032234,NONMMUG032234
NONMMUG043954,NONMMUG043954,NONMMUG043954
NONMMUG028362,NONMMUG028362,NONMMUG028362
NONMMUG003252,NONMMUG003252,NONMMUG003252
NONMMUG027762,NONMMUG027762,NONMMUG027762
NONMMUG022729,NONMMUG022729,NONMMUG022729
NONMMUG008709,NONMMUG008709,NONMMUG008709
NONMMUG008708,NONMMUG008708,NONMMUG008708
NONMMUG027157,NONMMUG027157,NONMMUG027157
NONMMUG008927,NONMMUG008927,NONMMUG008927
NONMMUG013668,NONMMUG013668,NONMMUG013668
NONMMUG013667,NONMMUG013667,NONMMUG013667
NONMMUG042288,NONMMUG042288,NONMMUG042288
NONMMUG038286,NONMMUG038286,NONMMUG038286
NONMMUG026614,NONMMUG026614,NONMMUG026614
NONMMUG017569,NONMMUG017569,NONMMUG017569
NONMMUG019033,NONMMUG019033,NONMMUG019033
NONMMUG012424,NONMMUG012424,NONMMUG012424
NONMMUG012422,NONMMUG012422,NONMMUG012422
NONMMUG042644,NONMMUG042644,NONMMUG042644
NONMMUG004142,NONMMUG004142,NONMMUG004142
NONMMUG008661,NONMMUG008661,NONMMUG008661
NONMMUG008713,NONMMUG008713,NONMMUG008713
NONMMUG027148,NONMMUG027148,NONMMUG027148
NONMMUG004723,NONMMUG004723,NONMMUG004723
NONMMUG012787,NONMMUG012787,NONMMUG012787
NONMMUG012789,NONMMUG012789,NONMMUG012789
NONMMUG043253,NONMMUG043253,NONMMUG043253
NONMMUG013271,NONMMUG013271,NONMMUG013271
NONMMUG039743,NONMMUG039743,NONMMUG039743
NONMMUG027038,NONMMUG027038,NONMMUG027038
NONMMUG033994,NONMMUG033994,RPI002_008087
NONMMUG041134,NONMMUG041134,NONMMUG041134
NONMMUG011685,NONMMUG011685,NONMMUG011685
NONMMUG043808,NONMMUG043808,NONMMUG043808
NONMMUG005049,NONMMUG005049,NONMMUG005049
NONMMUG028342,NONMMUG028342,NONMMUG028342
NONMMUG036805,NONMMUG036805,NONMMUG036805
NONMMUG042280,NONMMUG042280,NONMMUG042280
NONMMUG019488,NONMMUG019488,NONMMUG019488
NONMMUG027281,NONMMUG027281,NONMMUG027281
NONMMUG027280,NONMMUG027280,NONMMUG027280
NONMMUG041381,NONMMUG041381,NONMMUG041381
NONMMUG014783,NONMMUG014783,NONMMUG014783
NONMMUG005061,NONMMUG005061,NONMMUG005061
NONMMUG005060,NONMMUG005060,NONMMUG005060
NONMMUG004674,NONMMUG004674,NONMMUG004674
NONMMUG038585,NONMMUG038585,NONMMUG038585
NONMMUG035334,NONMMUG035334,NONMMUG035334
NONMMUG038775,NONMMUG038775,NONMMUG038775
NONMMUG036864,NONMMUG036864,NONMMUG036864
NONMMUG043779,NONMMUG043779,NONMMUG043779
NONMMUG040151,NONMMUG040151,NONMMUG040151
NONMMUG020641,NONMMUG020641,NONMMUG020641
NONMMUG031094,NONMMUG031094,NONMMUG031094
NONMMUG039364,NONMMUG039364,NONMMUG039364
NONMMUG005898,NONMMUG005898,NONMMUG005898
NONMMUG042698,NONMMUG042698,NONMMUG042698
NONMMUG033798,NONMMUG033798,NONMMUG033798
NONMMUG019060,NONMMUG019060,NONMMUG019060
NONMMUG039009,NONMMUG039009,NONMMUG039009
NONMMUG025530,NONMMUG025530,RPI002_008558
NONMMUG035643,NONMMUG035643,NONMMUG035643
NONMMUG032302,NONMMUG032302,NONMMUG032302
NONMMUG020324,NONMMUG020324,NONMMUG020324
NONMMUG027054,NONMMUG027054,NONMMUG027054
NONMMUG039150,NONMMUG039150,NONMMUG039150
NONMMUG036191,NONMMUG036191,NONMMUG036191
NONMMUG000826,NONMMUG000826,NONMMUG000826
NONMMUG041447,NONMMUG041447,NONMMUG041447
NONMMUG001175,NONMMUG001175,NONMMUG001175
NONMMUG008792,NONMMUG008792,NONMMUG008792
NONMMUG043114,NONMMUG043114,NONMMUG043114
NONMMUG001956,NONMMUG001956,NONMMUG001956
NONMMUG035079,NONMMUG035079,NONMMUG035079
NONMMUG034016,NONMMUG034016,NONMMUG034016
NONMMUG026681,NONMMUG026681,NONMMUG026681
NONMMUG009304,NONMMUG009304,NONMMUG009304
NONMMUG000785,NONMMUG000785,NONMMUG000785
NONMMUG045358,NONMMUG045358,RPI002_008862
NONMMUG041466,NONMMUG041466,NONMMUG041466
NONMMUG003310,NONMMUG003310,NONMMUG003310
NONMMUG011632,NONMMUG011632,NONMMUG011632
NONMMUG042838,NONMMUG042838,NONMMUG042838
NONMMUG015130,NONMMUG015130,RPI002_008922
NONMMUG043294,NONMMUG043294,NONMMUG043294
NONMMUG028266,NONMMUG028266,NONMMUG028266
NONMMUG028996,NONMMUG028996,RPI002_008962
NONMMUG039141,NONMMUG039141,NONMMUG039141
NONMMUG037956,NONMMUG037956,RPI002_009023
NONMMUG014095,NONMMUG014095,NONMMUG014095
NONMMUG043025,NONMMUG043025,NONMMUG043025
NONMMUG032808,NONMMUG032808,NONMMUG032808
NONMMUG037606,NONMMUG037606,NONMMUG037606
NONMMUG027935,NONMMUG027935,NONMMUG027935
NONMMUG010820,NONMMUG010820,NONMMUG010820
NONMMUG037556,NONMMUG037556,NONMMUG037556
NONMMUG002822,NONMMUG002822,NONMMUG002822
NONMMUG028147,NONMMUG028147,NONMMUG028147
NONMMUG026164,NONMMUG026164,NONMMUG026164
NONMMUG041312,NONMMUG041312,NONMMUG041312
NONMMUG028272,NONMMUG028272,NONMMUG028272
NONMMUG028537,NONMMUG028537,NONMMUG028537
NONMMUG033714,NONMMUG033714,NONMMUG033714
NONMMUG011227,NONMMUG011227,NONMMUG011227
NONMMUG002588,NONMMUG002588,NONMMUG002588
NONMMUG002106,NONMMUG002106,NONMMUG002106
NONMMUG036578,NONMMUG036578,NONMMUG036578
NONMMUG001050,NONMMUG001050,NONMMUG001050
NONMMUG037979,NONMMUG037979,NONMMUG037979
NONMMUG037973,NONMMUG037973,NONMMUG037973
NONMMUG036283,NONMMUG036283,NONMMUG036283
NONMMUG009461,NONMMUG009461,NONMMUG009461
NONMMUG033898,NONMMUG033898,RPI002_009284
NONMMUG036094,NONMMUG036094,RPI002_009303
NONMMUG011415,NONMMUG011415,NONMMUG011415
NONMMUG002772,NONMMUG002772,NONMMUG002772
NONMMUG032909,NONMMUG032909,RPI002_009309
NONMMUG027344,NONMMUG027344,NONMMUG027344
NONMMUG008260,NONMMUG008260,NONMMUG008260
NONMMUG000995,NONMMUG000995,NONMMUG000995
NONMMUG000993,NONMMUG000993,NONMMUG000993
NONMMUG020914,NONMMUG020914,NONMMUG020914
NONMMUG024451,NONMMUG024451,RPI002_009356
NONMMUG027764,NONMMUG027764,NONMMUG027764
NONMMUG031726,NONMMUG031726,NONMMUG031726
NONMMUG039010,NONMMUG039010,NONMMUG039010
NONMMUG027068,NONMMUG027068,NONMMUG027068
NONMMUG039727,NONMMUG039727,NONMMUG039727
NONMMUG034511,NONMMUG034511,NONMMUG034511
NONMMUG033982,NONMMUG033982,NONMMUG033982
NONMMUG012939,NONMMUG012939,NONMMUG012939
NONMMUG039924,NONMMUG039924,NONMMUG039924
NONMMUG026965,NONMMUG026965,NONMMUG026965
NONMMUG026962,NONMMUG026962,NONMMUG026962
NONMMUG021460,NONMMUG021460,NONMMUG021460
NONMMUG039747,NONMMUG039747,NONMMUG039747
NONMMUG035878,NONMMUG035878,NONMMUG035878
NONMMUG011022,NONMMUG011022,NONMMUG011022
NONMMUG011020,NONMMUG011020,NONMMUG011020
NONMMUG011235,NONMMUG011235,NONMMUG011235
NONMMUG030962,NONMMUG030962,NONMMUG030962
NONMMUG036550,NONMMUG036550,NONMMUG036550
NONMMUG031769,NONMMUG031769,NONMMUG031769
NONMMUG036470,NONMMUG036470,NONMMUG036470
NONMMUG034300,NONMMUG034300,NONMMUG034300
NONMMUG041628,NONMMUG041628,NONMMUG041628
NONMMUG035895,NONMMUG035895,NONMMUG035895
NONMMUG007244,NONMMUG007244,RPI002_009605
NONMMUG030310,NONMMUG030310,RPI002_009622
NONMMUG039730,NONMMUG039730,NONMMUG039730
NONMMUG004689,NONMMUG004689,NONMMUG004689
NONMMUG031420,NONMMUG031420,NONMMUG031420
NONMMUG011270,NONMMUG011270,NONMMUG011270
NONMMUG011690,NONMMUG011690,NONMMUG011690
NONMMUG040825,NONMMUG040825,NONMMUG040825
NONMMUG012549,NONMMUG012549,NONMMUG012549
NONMMUG009122,NONMMUG009122,NONMMUG009122
NONMMUG009124,NONMMUG009124,NONMMUG009124
NONMMUG008429,NONMMUG008429,NONMMUG008429
NONMMUG002014,NONMMUG002014,NONMMUG002014
NONMMUG021781,NONMMUG021781,NONMMUG021781
NONMMUG008446,NONMMUG008446,NONMMUG008446
NONMMUG040783,NONMMUG040783,NONMMUG040783
NONMMUG011362,NONMMUG011362,NONMMUG011362
NONMMUG017031,NONMMUG017031,NONMMUG017031
NONMMUG036023,NONMMUG036023,NONMMUG036023
NONMMUG000602,NONMMUG000602,NONMMUG000602
NONMMUG039255,NONMMUG039255,NONMMUG039255
NONMMUG035105,NONMMUG035105,NONMMUG035105
NONMMUG010004,NONMMUG010004,NONMMUG010004
NONMMUG034462,NONMMUG034462,NONMMUG034462
NONMMUG038104,NONMMUG038104,NONMMUG038104
NONMMUG042158,NONMMUG042158,NONMMUG042158
NONMMUG026540,NONMMUG026540,NONMMUG026540
NONMMUG004489,NONMMUG004489,RPI002_010143
NONMMUG010069,NONMMUG010069,NONMMUG010069
NONMMUG008312,NONMMUG008312,RPI002_010169
NONMMUG027826,NONMMUG027826,NONMMUG027826
NONMMUG011301,NONMMUG011301,NONMMUG011301
NONMMUG000869,NONMMUG000869,NONMMUG000869
NONMMUG040176,NONMMUG040176,RPI002_010205
NONMMUG009778,NONMMUG009778,NONMMUG009778
NONMMUG034234,NONMMUG034234,NONMMUG034234
NONMMUG041149,NONMMUG041149,NONMMUG041149
NONMMUG039827,NONMMUG039827,NONMMUG039827
NONMMUG009185,NONMMUG009185,NONMMUG009185
NONMMUG035330,NONMMUG035330,NONMMUG035330
NONMMUG000116,NONMMUG000116,NONMMUG000116
NONMMUG037871,NONMMUG037871,NONMMUG037871
NONMMUG013765,NONMMUG013765,NONMMUG013765
NONMMUG033795,NONMMUG033795,NONMMUG033795
NONMMUG033796,NONMMUG033796,NONMMUG033796
NONMMUG033797,NONMMUG033797,NONMMUG033797
NONMMUG033799,NONMMUG033799,NONMMUG033799
NONMMUG027989,NONMMUG027989,NONMMUG027989
NONMMUG036826,NONMMUG036826,NONMMUG036826
NONMMUG043949,NONMMUG043949,NONMMUG043949
NONMMUG009353,NONMMUG009353,NONMMUG009353
NONMMUG003600,NONMMUG003600,NONMMUG003600
NONMMUG043372,NONMMUG043372,NONMMUG043372
NONMMUG009223,NONMMUG009223,NONMMUG009223
NONMMUG003157,NONMMUG003157,NONMMUG003157
NONMMUG037062,NONMMUG037062,NONMMUG037062
NONMMUG041243,NONMMUG041243,NONMMUG041243
NONMMUG041240,NONMMUG041240,NONMMUG041240
NONMMUG032903,NONMMUG032903,NONMMUG032903
NONMMUG003787,NONMMUG003787,NONMMUG003787
NONMMUG017654,NONMMUG017654,NONMMUG017654
NONMMUG035803,NONMMUG035803,NONMMUG035803
NONMMUG037986,NONMMUG037986,NONMMUG037986
NONMMUG031923,NONMMUG031923,NONMMUG031923
NONMMUG043926,NONMMUG043926,NONMMUG043926
NONMMUG042831,NONMMUG042831,NONMMUG042831
NONMMUG021430,NONMMUG021430,NONMMUG021430
NONMMUG037712,NONMMUG037712,NONMMUG037712
NONMMUG028546,NONMMUG028546,NONMMUG028546
NONMMUG019822,NONMMUG019822,NONMMUG019822
NONMMUG010811,NONMMUG010811,NONMMUG010811
NONMMUG031909,NONMMUG031909,NONMMUG031909
NONMMUG037501,NONMMUG037501,NONMMUG037501
NONMMUG011991,NONMMUG011991,RPI002_010692
NONMMUG032593,NONMMUG032593,NONMMUG032593
NONMMUG027154,NONMMUG027154,NONMMUG027154
NONMMUG032600,NONMMUG032600,NONMMUG032600
NONMMUG043501,NONMMUG043501,NONMMUG043501
NONMMUG033192,NONMMUG033192,NONMMUG033192
NONMMUG040626,NONMMUG040626,NONMMUG040626
NONMMUG003469,NONMMUG003469,NONMMUG003469
NONMMUG003463,NONMMUG003463,NONMMUG003463
NONMMUG003287,NONMMUG003287,RPI002_010837
NONMMUG008221,NONMMUG008221,RPI002_010838
NONMMUG026125,NONMMUG026125,NONMMUG026125
NONMMUG037324,NONMMUG037324,NONMMUG037324
NONMMUG042720,NONMMUG042720,NONMMUG042720
NONMMUG018623,NONMMUG018623,NONMMUG018623
NONMMUG003074,NONMMUG003074,NONMMUG003074
NONMMUG004227,NONMMUG004227,NONMMUG004227
NONMMUG008963,NONMMUG008963,NONMMUG008963
NONMMUG008964,NONMMUG008964,NONMMUG008964
NONMMUG018504,NONMMUG018504,NONMMUG018504
NONMMUG044042,NONMMUG044042,NONMMUG044042
NONMMUG040607,NONMMUG040607,NONMMUG040607
NONMMUG035883,NONMMUG035883,NONMMUG035883
NONMMUG003914,NONMMUG003914,NONMMUG003914
NONMMUG004693,NONMMUG004693,NONMMUG004693
NONMMUG042554,NONMMUG042554,RPI002_010940
NONMMUG042552,NONMMUG042552,NONMMUG042552
NONMMUG001404,NONMMUG001404,NONMMUG001404
NONMMUG004206,NONMMUG004206,NONMMUG004206
NONMMUG009959,NONMMUG009959,NONMMUG009959
NONMMUG016583,NONMMUG016583,NONMMUG016583
NONMMUG036219,NONMMUG036219,NONMMUG036219
NONMMUG002219,NONMMUG002219,NONMMUG002219
NONMMUG036988,NONMMUG036988,NONMMUG036988
NONMMUG011268,NONMMUG011268,NONMMUG011268
NONMMUG008434,NONMMUG008434,NONMMUG008434
NONMMUG040588,NONMMUG040588,NONMMUG040588
NONMMUG026677,NONMMUG026677,NONMMUG026677
NONMMUG000973,NONMMUG000973,NONMMUG000973
NONMMUG031675,NONMMUG031675,NONMMUG031675
NONMMUG012985,NONMMUG012985,NONMMUG012985
NONMMUG001874,NONMMUG001874,NONMMUG001874
NONMMUG035136,NONMMUG035136,NONMMUG035136
NONMMUG040792,NONMMUG040792,NONMMUG040792
NONMMUG008867,NONMMUG008867,NONMMUG008867
NONMMUG000427,NONMMUG000427,NONMMUG000427
NONMMUG039385,NONMMUG039385,NONMMUG039385
NONMMUG039127,NONMMUG039127,NONMMUG039127
NONMMUG032608,NONMMUG032608,NONMMUG032608
NONMMUG008490,NONMMUG008490,NONMMUG008490
NONMMUG026373,NONMMUG026373,NONMMUG026373
NONMMUG001815,NONMMUG001815,NONMMUG001815
NONMMUG027024,NONMMUG027024,NONMMUG027024
NONMMUG002430,NONMMUG002430,NONMMUG002430
NONMMUG042450,NONMMUG042450,NONMMUG042450
NONMMUG009741,NONMMUG009741,NONMMUG009741
NONMMUG001830,NONMMUG001830,NONMMUG001830
NONMMUG035684,NONMMUG035684,NONMMUG035684
NONMMUG037034,NONMMUG037034,NONMMUG037034
NONMMUG040147,NONMMUG040147,NONMMUG040147
NONMMUG035660,NONMMUG035660,NONMMUG035660
NONMMUG033031,NONMMUG033031,NONMMUG033031
NONMMUG039577,NONMMUG039577,NONMMUG039577
NONMMUG038772,NONMMUG038772,NONMMUG038772
NONMMUG027991,NONMMUG027991,NONMMUG027991
NONMMUG032565,NONMMUG032565,NONMMUG032565
NONMMUG034439,NONMMUG034439,NONMMUG034439
NONMMUG001562,NONMMUG001562,NONMMUG001562
NONMMUG043311,NONMMUG043311,NONMMUG043311
NONMMUG007124,NONMMUG007124,NONMMUG007124
NONMMUG004476,NONMMUG004476,NONMMUG004476
NONMMUG036509,NONMMUG036509,NONMMUG036509
NONMMUG037296,NONMMUG037296,NONMMUG037296
NONMMUG042160,NONMMUG042160,NONMMUG042160
NONMMUG039532,NONMMUG039532,NONMMUG039532
NONMMUG043641,NONMMUG043641,NONMMUG043641
NONMMUG008553,NONMMUG008553,NONMMUG008553
NONMMUG039322,NONMMUG039322,NONMMUG039322
NONMMUG037055,NONMMUG037055,NONMMUG037055
NONMMUG037723,NONMMUG037723,NONMMUG037723
NONMMUG018973,NONMMUG018973,NONMMUG018973
NONMMUG035544,NONMMUG035544,NONMMUG035544
NONMMUG009867,NONMMUG009867,NONMMUG009867
NONMMUG011165,NONMMUG011165,NONMMUG011165
NONMMUG031706,NONMMUG031706,NONMMUG031706
NONMMUG043324,NONMMUG043324,NONMMUG043324
NONMMUG039626,NONMMUG039626,NONMMUG039626
NONMMUG011427,NONMMUG011427,NONMMUG011427
NONMMUG027351,NONMMUG027351,NONMMUG027351
NONMMUG001581,NONMMUG001581,NONMMUG001581
NONMMUG002806,NONMMUG002806,NONMMUG002806
NONMMUG008510,NONMMUG008510,NONMMUG008510
NONMMUG001243,NONMMUG001243,NONMMUG001243
NONMMUG042248,NONMMUG042248,NONMMUG042248
NONMMUG000512,NONMMUG000512,NONMMUG000512
NONMMUG031728,NONMMUG031728,NONMMUG031728
NONMMUG037504,NONMMUG037504,NONMMUG037504
NONMMUG023466,NONMMUG023466,NONMMUG023466
NONMMUG023464,NONMMUG023464,NONMMUG023464
NONMMUG023463,NONMMUG023463,NONMMUG023463
NONMMUG004571,NONMMUG004571,NONMMUG004571
NONMMUG001668,NONMMUG001668,NONMMUG001668
NONMMUG036009,NONMMUG036009,RPI002_012062
NONMMUG004728,NONMMUG004728,NONMMUG004728
NONMMUG009905,NONMMUG009905,NONMMUG009905
NONMMUG032551,NONMMUG032551,NONMMUG032551
NONMMUG038194,NONMMUG038194,NONMMUG038194
NONMMUG034225,NONMMUG034225,NONMMUG034225
NONMMUG034238,NONMMUG034238,RPI002_012154
NONMMUG009610,NONMMUG009610,NONMMUG009610
NONMMUG034351,NONMMUG034351,NONMMUG033160
NONMMUG040326,NONMMUG040326,NONMMUG040326
NONMMUG038318,NONMMUG038318,NONMMUG038318
NONMMUG018728,NONMMUG018728,NONMMUG018728
NONMMUG025582,NONMMUG025582,RPI002_012219
NONMMUG010189,NONMMUG010189,NONMMUG010189
NONMMUG013298,NONMMUG013298,NONMMUG013298
NONMMUG027982,NONMMUG027982,NONMMUG027982
NONMMUG009412,NONMMUG009412,NONMMUG009412
NONMMUG010083,NONMMUG010083,NONMMUG010083
NONMMUG039205,NONMMUG039205,NONMMUG039205
NONMMUG014183,NONMMUG014183,NONMMUG014183
NONMMUG003486,NONMMUG003486,NONMMUG003486
NONMMUG042432,NONMMUG042432,NONMMUG042432
NONMMUG020190,NONMMUG020190,NONMMUG020190
NONMMUG023884,NONMMUG023884,NONMMUG023884
NONMMUG041293,NONMMUG041293,NONMMUG041293
NONMMUG035567,NONMMUG035567,NONMMUG035567
NONMMUG026264,NONMMUG026264,NONMMUG026264
NONMMUG043965,NONMMUG043965,NONMMUG043965
NONMMUG040021,NONMMUG040021,NONMMUG040021
NONMMUG003312,NONMMUG003312,NONMMUG003312
NONMMUG004242,NONMMUG004242,NONMMUG004242
NONMMUG034475,NONMMUG034475,NONMMUG034475
NONMMUG032892,NONMMUG032892,NONMMUG032892
NONMMUG002826,NONMMUG002826,NONMMUG002826
NONMMUG009006,NONMMUG009006,NONMMUG009006
NONMMUG033398,NONMMUG033398,NONMMUG033398
NONMMUG026356,NONMMUG026356,NONMMUG026356
NONMMUG001690,NONMMUG001690,NONMMUG001690
NONMMUG040800,NONMMUG040800,NONMMUG040800
NONMMUG031932,NONMMUG031932,RPI002_012520
NONMMUG012402,NONMMUG012402,RPI002_012521
NONMMUG008868,NONMMUG008868,NONMMUG008868
NONMMUG042873,NONMMUG042873,NONMMUG042873
NONMMUG037188,NONMMUG037188,NONMMUG037188
NONMMUG008701,NONMMUG008701,NONMMUG008701
NONMMUG002754,NONMMUG002754,NONMMUG002754
NONMMUG004039,NONMMUG004039,NONMMUG004039
NONMMUG026968,NONMMUG026968,NONMMUG026968
NONMMUG005347,NONMMUG005347,NONMMUG005347
NONMMUG025614,NONMMUG025614,NONMMUG025614
NONMMUG042540,NONMMUG042540,NONMMUG042540
NONMMUG014781,NONMMUG014781,NONMMUG014781
NONMMUG011258,NONMMUG011258,NONMMUG011258
NONMMUG039782,NONMMUG039782,NONMMUG039782
NONMMUG036876,NONMMUG036876,NONMMUG036876
NONMMUG036198,NONMMUG036198,NONMMUG036198
NONMMUG023885,NONMMUG023885,NONMMUG023885
NONMMUG019736,NONMMUG019736,NONMMUG019736
NONMMUG032473,NONMMUG032473,NONMMUG032473
NONMMUG038398,NONMMUG038398,NONMMUG038398
NONMMUG038394,NONMMUG038394,NONMMUG038394
NONMMUG008602,NONMMUG008602,NONMMUG008602
NONMMUG026368,NONMMUG026368,NONMMUG026368
NONMMUG014917,NONMMUG014917,NONMMUG014917
NONMMUG042302,NONMMUG042302,NONMMUG042302
NONMMUG040298,NONMMUG040298,NONMMUG040298
NONMMUG032008,NONMMUG032008,NONMMUG032008
NONMMUG041377,NONMMUG041377,RPI002_012879
NONMMUG000862,NONMMUG000862,NONMMUG000862
NONMMUG032494,NONMMUG032494,NONMMUG032494
NONMMUG015234,NONMMUG015234,NONMMUG015234
NONMMUG036827,NONMMUG036827,RPI002_012935
NONMMUG022000,NONMMUG022000,NONMMUG022000
NONMMUG027867,NONMMUG027867,NONMMUG027867
NONMMUG000681,NONMMUG000681,NONMMUG000681
NONMMUG028053,NONMMUG028053,NONMMUG028053
NONMMUG011171,NONMMUG011171,NONMMUG011171
NONMMUG001241,NONMMUG001241,NONMMUG001241
NONMMUG036964,NONMMUG036964,NONMMUG036964
NONMMUG034083,NONMMUG034083,NONMMUG034083
NONMMUG035842,NONMMUG035842,NONMMUG035842
NONMMUG008716,NONMMUG008716,NONMMUG008716
NONMMUG010127,NONMMUG010127,NONMMUG010127
NONMMUG039256,NONMMUG039256,NONMMUG039256
NONMMUG012927,NONMMUG012927,NONMMUG012927
NONMMUG021672,NONMMUG021672,NONMMUG021672
NONMMUG041474,NONMMUG041474,RPI002_013213
NONMMUG007253,NONMMUG007253,NONMMUG007253
NONMMUG028091,NONMMUG028091,NONMMUG028091
NONMMUG034370,NONMMUG034370,NONMMUG034370
NONMMUG002024,NONMMUG002024,NONMMUG002024
NONMMUG032461,NONMMUG032461,NONMMUG032461
NONMMUG031869,NONMMUG031869,NONMMUG031869
NONMMUG002003,NONMMUG002003,RPI002_013332
NONMMUG039101,NONMMUG039101,NONMMUG039101
NONMMUG002388,NONMMUG002388,NONMMUG002388
NONMMUG008671,NONMMUG008671,NONMMUG008671
NONMMUG040160,NONMMUG040160,NONMMUG040160
NONMMUG033050,NONMMUG033050,NONMMUG033050
NONMMUG009422,NONMMUG009422,NONMMUG009422
NONMMUG042606,NONMMUG042606,NONMMUG042606
NONMMUG017602,NONMMUG017602,NONMMUG017602
NONMMUG042161,NONMMUG042161,NONMMUG042161
NONMMUG038642,NONMMUG038642,NONMMUG038642
NONMMUG028270,NONMMUG028270,NONMMUG028270
NONMMUG004419,NONMMUG004419,NONMMUG004419
NONMMUG007850,NONMMUG007850,NONMMUG007850
NONMMUG036098,NONMMUG036098,NONMMUG036098
NONMMUG036097,NONMMUG036097,NONMMUG036097
NONMMUG032897,NONMMUG032897,RPI002_013596
NONMMUG017868,NONMMUG017868,NONMMUG017868
NONMMUG044307,NONMMUG044307,NONMMUG044307
NONMMUG008676,NONMMUG008676,NONMMUG008676
NONMMUG004141,NONMMUG004141,NONMMUG004141
NONMMUG018319,NONMMUG018319,RPI002_013672
NONMMUG030978,NONMMUG030978,NONMMUG030978
NONMMUG037560,NONMMUG037560,NONMMUG037560
NONMMUG037825,NONMMUG037825,RPI002_013698
NONMMUG044192,NONMMUG044192,NONMMUG044192
NONMMUG009198,NONMMUG009198,NONMMUG009198
NONMMUG018505,NONMMUG018505,NONMMUG018505
NONMMUG008470,NONMMUG008470,NONMMUG008470
NONMMUG015318,NONMMUG015318,RPI002_013737
NONMMUG042421,NONMMUG042421,RPI002_013746
NONMMUG000244,NONMMUG000244,NONMMUG000244
NONMMUG042700,NONMMUG042700,NONMMUG042700
NONMMUG032307,NONMMUG032307,NONMMUG032307
NONMMUG034175,NONMMUG034175,NONMMUG034175
NONMMUG013341,NONMMUG013341,NONMMUG013341
NONMMUG043642,NONMMUG043642,NONMMUG043642
NONMMUG031473,NONMMUG031473,RPI002_013836
NONMMUG034552,NONMMUG034552,RPI002_013854
NONMMUG007050,NONMMUG007050,NONMMUG007050
NONMMUG042656,NONMMUG042656,NONMMUG042656
NONMMUG000270,NONMMUG000270,NONMMUG000270
NONMMUG031735,NONMMUG031735,RPI002_013929
NONMMUG000861,NONMMUG000861,NONMMUG000861
NONMMUG000643,NONMMUG000643,NONMMUG000643
NONMMUG032790,NONMMUG032790,NONMMUG032790
NONMMUG043098,NONMMUG043098,NONMMUG043098
NONMMUG005075,NONMMUG005075,NONMMUG005075
NONMMUG012745,NONMMUG012745,NONMMUG012745
NONMMUG037476,NONMMUG037476,NONMMUG037476
NONMMUG008631,NONMMUG008631,RPI002_014012
NONMMUG040821,NONMMUG040821,NONMMUG040821
NONMMUG017510,NONMMUG017510,NONMMUG017510
NONMMUG023400,NONMMUG023400,RPI002_014051
NONMMUG017498,NONMMUG017498,NONMMUG017498
NONMMUG037563,NONMMUG037563,NONMMUG037563
NONMMUG019221,NONMMUG019221,NONMMUG019221
NONMMUG038710,NONMMUG038710,NONMMUG038710
NONMMUG000335,NONMMUG000335,RPI002_014128
NONMMUG010039,NONMMUG010039,NONMMUG010039
NONMMUG027909,NONMMUG027909,RPI002_014135
NONMMUG001286,NONMMUG001286,NONMMUG001286
NONMMUG026333,NONMMUG026333,NONMMUG026333
NONMMUG010261,NONMMUG010261,NONMMUG010261
NONMMUG002584,NONMMUG002584,NONMMUG002584
NONMMUG044365,NONMMUG044365,RPI002_014190
-,-,Rpo1-3
-,-,Rpo1-4
-,-,Rshl2b
NONMMUG034263,NONMMUG034263,Rsph10b2
-,-,S3-12
-,-,Saps2
-,-,Saps3
-,-,SCARNA1
-,-,SCARNA11
-,-,SCARNA14
-,-,SCARNA15
-,-,SCARNA16
NONMMUT033034,NONMMUT033034,SCARNA18
-,-,SCARNA23
NONMMUT047976,NONMMUT047976,SCARNA8
NONMMUG030151,NONMMUG030151,Selrc1
NONMMUG017213,NONMMUG017213,NONMMUG017212
-,-,Sfrs10
-,-,Sfrs11
-,-,Sfrs12
-,-,Sfrs15
NONMMUG028661,NONMMUG028661,Sfrs18
-,-,Sfrs2ip
-,-,Sfrs5
-,-,Sfrs6
-,-,Sfrs8
NONMMUG024955,NONMMUG024955,NONMMUG024951
NONMMUG024735,NONMMUG024735,NONMMUG024734
-,-,Snf1lk
-,-,Snf1lk2
-,-,SNORA1
-,-,SNORA12
-,-,SNORA13
-,-,SNORA16
NONMMUT036362,NONMMUT036362,AL732311.1
-,-,SNORA18
NONMMUT035324,NONMMUT035324,SNORA19
-,-,SNORA2
NONMMUT028266,NONMMUT028266,SNORA20
-,-,SNORA22
-,-,SNORA25
NONMMUG010032,NONMMUG010032,NONMMUG010032
-,-,SNORA29
-,-,SNORA3
NONMMUT063738,NONMMUT063738,SNORA30
-,-,SNORA32
-,-,SNORA38
-,-,SNORA4
-,-,SNORA40
NONMMUT001233,NONMMUT001233,SNORA41
-,-,SNORA42
NONMMUT036360,NONMMUT036360,SNORA43
-,-,SNORA46
NONMMUT018716,NONMMUT018716,SNORA47
-,-,SNORA49
-,-,SNORA5
-,-,SNORA51
-,-,SNORA55
-,-,SNORA58
-,-,SNORA62
NONMMUT025966,NONMMUT025966,SNORA63
NONMMUT028678,NONMMUT028678,SNORA64
NONMMUT036747,NONMMUT036747,SNORA65
-,-,SNORA66
-,-,SNORA67
NONMMUT066030,NONMMUT066030,SNORA68
-,-,SNORA69
-,-,SNORA7
-,-,SNORA70
-,-,SNORA72
-,-,SNORA76
-,-,SNORA79
-,-,SNORA8
-,-,SNORA84
-,-,SNORD101
-,-,SNORD102
-,-,SNORD105
NONMMUT061692,NONMMUT061692,SNORD107
NONMMUT067190,NONMMUT067190,SNORD111
-,-,SNORD113
NONMMUT010384,NONMMUT010384,SNORD118
-,-,SNORD12
-,-,SNORD121A
-,-,SNORD127
-,-,SNORD14
-,-,SNORD16
-,-,SNORD18
-,-,Snord20
-,-,SNORD21
NONMMUT060029,NONMMUT060029,SNORD23
-,-,SNORD25
NONMMUT033794,NONMMUT033794,SNORD28
-,-,SNORD31
NONMMUT036378,NONMMUT036378,SNORD36
NONMMUT048901,NONMMUT048901,SNORD38
-,-,SNORD41
NONMMUT010888,NONMMUT010888,SNORD42
-,-,Snord44
-,-,SNORD45a
NONMMUT048905,NONMMUT048905,SNORD46
-,-,SNORD48
-,-,SNORD49
-,-,SNORD56
NONMMUNOBEDT079375,NONMMUNOBEDT079375,SNORD58
-,-,SNORD59
-,-,SNORD60
NONMMUT072547,NONMMUT072547,SNORD61
-,-,SNORD62
-,-,SNORD63
NONMMUT067142,NONMMUT067142,SNORD71
-,-,SNORD73
NONMMUT001838,NONMMUT001838,SNORD82
-,-,SNORD83
-,-,SNORD88
NONMMUT000679,NONMMUT000679,SNORD89
NONMMUT036930,NONMMUT036930,SNORD90
NONMMUT010681,NONMMUT010681,SNORD91
NONMMUT051513,NONMMUT051513,SNORD93
-,-,SNORD94
NONMMUT009527,NONMMUT009527,SNORD96
NONMMUT005872,NONMMUT005872,SNORD98
-,-,snoU13
-,-,snoU2
-,-,snoU2-19
NONMMUT044786,NONMMUT044786,snoU2-25
-,-,snoU2-30
-,-,snoU54
-,-,snoU6-77
-,-,snoU83B
NONMMUT058845,NONMMUT058845,snoU85
-,-,snoU89
-,-,snoU90
NONMMUT063225,NONMMUT063225,snoU97
-,-,snoZ40
-,-,snR39B
NONMMUT029379,NONMMUT029379,snR78
-,-,Snrp70
NONMMUG004472,NONMMUG004472,NONMMUG004468
NONMMUG018733,NONMMUG018733,Soga2
-,-,Spg3a
-,-,Tcfcp2l1
-,-,Tcfeb
-,-,Tcrb-J
-,-,Tegt
-,-,Tgoln2
-,-,Tmem16e
-,-,Tmem16f
-,-,Tmem32
NONMMUG030121,NONMMUG030121,Tmem48
-,-,Tmem49
-,-,Traf7/Rab26
-,-,Txndc14
-,-,Txndc4
-,-,U11
NONMMUT054066,NONMMUT054066,U4
NONMMUNOBEDT000175,NONMMUNOBEDT000175,U5
-,-,U6atac
-,-,U8
-,-,Unc84a
-,-,Unc84b
NONMMUG037669,NONMMUG037669,Wbp7
NONMMUG006478,NONMMUG006478,Wdr16
-,-,Wdr22
-,-,Wdr40a
-,-,Wdr42a
-,-,Wdr68
-,-,Wdr79
NONMMUG022256,NONMMUG022256,Wdr85
-,-,Y_RNA
NONMMUG042686,NONMMUG042686,Zfp259
-,-,Zfp294
-,-,Zfp91-cntf
-,-,Zmiz1/Gm10397
NONMMUG025964,NONMMUG025964,Znf512b
NONMMUG000695,NONMMUG000695,NONMMUG000695
NONMMUG005408,NONMMUG005408,NONMMUG005408
NONMMUG008600,NONMMUG008600,NONMMUG008600
NONMMUG009365,NONMMUG009365,NONMMUG009365
NONMMUG009781,NONMMUG009781,NONMMUG009781
NONMMUG010322,NONMMUG010322,NONMMUG010322
NONMMUG011411,NONMMUG011411,NONMMUG011411
NONMMUG011895,NONMMUG011895,NONMMUG011895
NONMMUG013748,NONMMUG013748,NONMMUG013748
NONMMUG014772,NONMMUG014772,NONMMUG014772
NONMMUG020328,NONMMUG020328,Ccdc11
NONMMUG023113,NONMMUG023113,42070
NONMMUG024636,NONMMUG024636,NONMMUG024636
NONMMUG027327,NONMMUG027327,NONMMUG027327
NONMMUG028163,NONMMUG028163,42262
NONMMUG031580,NONMMUG031580,2010015L04Rik
NONMMUG034373,NONMMUG034373,NONMMUG034373
NONMMUG036404,NONMMUG036404,NONMMUG036404
NONMMUG037595,NONMMUG037595,NONMMUG037595
NONMMUG038492,NONMMUG038492,NONMMUG038492
NONMMUG038720,NONMMUG038720,NONMMUG038720
NONMMUG038746,NONMMUG038746,Gm15415
NONMMUG043828,NONMMUG043828,NONMMUG043828
NONMMUG044215,NONMMUG044215,NONMMUG044215
NONMMUG002654,NONMMUG002654,NONMMUG002654
NONMMUG009532,NONMMUG009532,NONMMUG009532
NONMMUG009827,NONMMUG009827,NONMMUG009827
NONMMUG010326,NONMMUG010326,NONMMUG010326
NONMMUG010883,NONMMUG010883,C78339
NONMMUG020192,NONMMUG020192,NONMMUG020192
NONMMUG020516,NONMMUG020516,Cyb5
NONMMUG022687,NONMMUG022687,Cep110
NONMMUG026484,NONMMUG026484,NONMMUG026484
NONMMUG028304,NONMMUG028304,2510003D18Rik
NONMMUG034445,NONMMUG034445,NONMMUG034445
NONMMUG041572,NONMMUG041572,NONMMUG041571
NONMMUG000078,NONMMUG000078,NONMMUG000078
NONMMUG000910,NONMMUG000910,NONMMUG000910
NONMMUG001120,NONMMUG001120,NONMMUG001120
NONMMUG001902,NONMMUG001902,NONMMUG001900
NONMMUG001978,NONMMUG001978,Fam5c
NONMMUG002465,NONMMUG002465,NONMMUG002465
NONMMUG003168,NONMMUG003168,NONMMUG003168
NONMMUG003283,NONMMUG003283,NONMMUG003283
NONMMUG003306,NONMMUG003306,NONMMUG003306
NONMMUG004037,NONMMUG004037,NONMMUG004037
NONMMUG004470,NONMMUG004470,NONMMUG004468
NONMMUG004731,NONMMUG004731,NONMMUG004731
NONMMUG006103,NONMMUG006103,NONMMUG006103
NONMMUG006340,NONMMUG006340,NONMMUG006340
NONMMUG007176,NONMMUG007176,42251
NONMMUG008091,NONMMUG008091,AL645470.1
NONMMUG008691,NONMMUG008691,NONMMUG008691
NONMMUG008970,NONMMUG008970,NONMMUG008970
NONMMUG008986,NONMMUG008986,NONMMUG008986
NONMMUG009187,NONMMUG009187,NONMMUG009187
NONMMUG009289,NONMMUG009289,NONMMUG009289
NONMMUG009405,NONMMUG009405,NONMMUG009405
NONMMUG009458,NONMMUG009458,NONMMUG009458
NONMMUG009853,NONMMUG009853,AC122013.1
NONMMUG010637,NONMMUG010637,NONMMUG010637
NONMMUG012098,NONMMUG012098,NONMMUG012098
NONMMUG013739,NONMMUG013739,NONMMUG013739
NONMMUG014424,NONMMUG014424,NONMMUG014424
NONMMUG015143,NONMMUG015143,NONMMUG015143
NONMMUG015334,NONMMUG015334,NONMMUG015334
NONMMUG015677,NONMMUG015677,NONMMUG015677
NONMMUG017257,NONMMUG017257,NONMMUG017257
NONMMUG017799,NONMMUG017799,NONMMUG017799
NONMMUG020636,NONMMUG020636,NONMMUG020633
NONMMUG021880,NONMMUG021880,NONMMUG021880
NONMMUG023025,NONMMUG023025,AL845483.1
NONMMUG023424,NONMMUG023424,Gm13704
NONMMUG024881,NONMMUG024881,NONMMUG024880
NONMMUG025963,NONMMUG025963,Znf512b
NONMMUG026728,NONMMUG026728,NONMMUG026728
NONMMUG026886,NONMMUG026886,NONMMUG026886
NONMMUG026938,NONMMUG026938,NONMMUG026938
NONMMUG027577,NONMMUG027577,Chi3l3
NONMMUG028038,NONMMUG028038,NONMMUG028038
NONMMUG028126,NONMMUG028126,NONMMUG028126
NONMMUG028152,NONMMUG028152,NONMMUG028152
NONMMUG028356,NONMMUG028356,NONMMUG028356
NONMMUG028664,NONMMUG028664,Sfrs18
NONMMUG029012,NONMMUG029012,N28178
NONMMUG029416,NONMMUG029416,NONMMUG029416
NONMMUG029489,NONMMUG029489,NONMMUG029489
NONMMUG029539,NONMMUG029539,Dbc1
NONMMUG030015,NONMMUG030015,NONMMUG030015
NONMMUG030778,NONMMUG030778,Bai2
NONMMUG031683,NONMMUG031683,NONMMUG031683
NONMMUG031973,NONMMUG031973,NONMMUG031973
NONMMUG032189,NONMMUG032189,NONMMUG032189
NONMMUG032537,NONMMUG032537,3110047P20Rik
NONMMUG032667,NONMMUG032667,NONMMUG032667
NONMMUG032734,NONMMUG032734,NONMMUG032734
NONMMUG032744,NONMMUG032744,NONMMUG032744
NONMMUG033360,NONMMUG033360,NONMMUG033359
NONMMUG033402,NONMMUG033402,RP24-317K11.2
NONMMUG033770,NONMMUG033770,NONMMUG033770
NONMMUG033794,NONMMUG033794,NONMMUG033794
NONMMUG033810,NONMMUG033810,NONMMUG033810
NONMMUG034284,NONMMUG034284,NONMMUG034284
NONMMUG034441,NONMMUG034441,NONMMUG034441
NONMMUG035166,NONMMUG035166,Fam115a
NONMMUG036167,NONMMUG036167,NONMMUG036167
NONMMUG036236,NONMMUG036236,NONMMUG036236
NONMMUG036559,NONMMUG036559,NONMMUG036559
NONMMUG036957,NONMMUG036957,Ifltd1
NONMMUG037674,NONMMUG037674,NONMMUG037674
NONMMUG037795,NONMMUG037795,NONMMUG037795
NONMMUG037963,NONMMUG037963,NONMMUG037963
NONMMUG038122,NONMMUG038122,NONMMUG038121
NONMMUG038311,NONMMUG038311,NONMMUG038311
NONMMUG038657,NONMMUG038657,NONMMUG038657
NONMMUG038953,NONMMUG038953,NONMMUG038953
NONMMUG039140,NONMMUG039140,NONMMUG039140
NONMMUG039584,NONMMUG039584,Gpr123
NONMMUG039821,NONMMUG039821,NONMMUG039821
NONMMUG040018,NONMMUG040018,NONMMUG040018
NONMMUG040728,NONMMUG040728,42064
NONMMUG040757,NONMMUG040757,NONMMUG040757
NONMMUG041585,NONMMUG041585,NONMMUG041585
NONMMUG041902,NONMMUG041902,NONMMUG041902
NONMMUG042021,NONMMUG042021,NONMMUG042021
NONMMUG042136,NONMMUG042136,NONMMUG042136
NONMMUG044079,NONMMUG044079,NONMMUG044079
NONMMUG044282,NONMMUG044282,NONMMUG044282
NONMMUG045731,NONMMUG045731,NONMMUG045731
NONMMUG045935,NONMMUG045935,NONMMUG045935
NONMMUG046246,NONMMUG046246,NONMMUG046246
NONMMUG002079,NONMMUG002079,NONMMUG002079
NONMMUG004000,NONMMUG004000,NONMMUG004000
NONMMUG008673,NONMMUG008673,NONMMUG008673
NONMMUG010660,NONMMUG010660,NONMMUG010660
NONMMUG020046,NONMMUG020046,NONMMUG020045
NONMMUG025154,NONMMUG025154,8430427H17Rik
NONMMUG033928,NONMMUG033928,NONMMUG033928
NONMMUG036709,NONMMUG036709,AC142191.1
NONMMUG039439,NONMMUG039439,NONMMUG039439
NONMMUG039443,NONMMUG039443,NONMMUG039443
NONMMUG041618,NONMMUG041618,NONMMUG041618
NONMMUG042854,NONMMUG042854,AI118078
NONMMUG043826,NONMMUG043826,NONMMUG043826
NONMMUG043969,NONMMUG043969,NONMMUG043969
NONMMUG000423,NONMMUG000423,NONMMUG000423
NONMMUG001276,NONMMUG001276,NONMMUG001272
NONMMUG002048,NONMMUG002048,NONMMUG002048
NONMMUG002052,NONMMUG002052,NONMMUG002052
NONMMUG003614,NONMMUG003614,NONMMUG003614
NONMMUG004718,NONMMUG004718,NONMMUG004718
NONMMUG004875,NONMMUG004875,NONMMUG004875
NONMMUG005072,NONMMUG005072,NONMMUG005072
NONMMUG006384,NONMMUG006384,NONMMUG006384
NONMMUG008881,NONMMUG008881,NONMMUG008881
NONMMUG010384,NONMMUG010384,NONMMUG010384
NONMMUG011410,NONMMUG011410,NONMMUG011410
NONMMUG011507,NONMMUG011507,NONMMUG011507
NONMMUG011812,NONMMUG011812,NONMMUG011812
NONMMUG014288,NONMMUG014288,NONMMUG014288
NONMMUG016253,NONMMUG016253,Lrrc33
NONMMUG019090,NONMMUG019090,NONMMUG019090
NONMMUG019416,NONMMUG019416,NONMMUG019416
NONMMUG021222,NONMMUG021222,NONMMUG021222
NONMMUG026240,NONMMUG026240,NONMMUG026240
NONMMUG026461,NONMMUG026461,NONMMUG026461
NONMMUG027438,NONMMUG027438,NONMMUG027438
NONMMUG027894,NONMMUG027894,NONMMUG027894
NONMMUG029751,NONMMUG029751,Fam154a
NONMMUG031030,NONMMUG031030,9130020K20Rik
NONMMUG031990,NONMMUG031990,NONMMUG031990
NONMMUG033715,NONMMUG033715,NONMMUG033715
NONMMUG034609,NONMMUG034609,NONMMUG034609
NONMMUG034918,NONMMUG034918,NONMMUG034918
NONMMUG035957,NONMMUG035957,NONMMUG035957
NONMMUG037975,NONMMUG037975,NONMMUG037975
NONMMUG042819,NONMMUG042819,NONMMUG042819
NONMMUG043308,NONMMUG043308,NONMMUG043307
NONMMUG043802,NONMMUG043802,NONMMUG043802
NONMMUG044261,NONMMUG044261,NONMMUG044261
NONMMUG000622,NONMMUG000622,NONMMUG000622
NONMMUG028114,NONMMUG028114,NONMMUG028114
NONMMUG037670,NONMMUG037670,Wbp7
NONMMUG041061,NONMMUG041061,NONMMUG041061
NONMMUG000079,NONMMUG000079,NONMMUG000079
NONMMUG000081,NONMMUG000081,NONMMUG000081
NONMMUG000763,NONMMUG000763,NONMMUG000763
NONMMUG002603,NONMMUG002603,NONMMUG002603
NONMMUG002710,NONMMUG002710,42065
NONMMUG006348,NONMMUG006348,RP23-70A15.5
NONMMUG008572,NONMMUG008572,NONMMUG008572
NONMMUG009624,NONMMUG009624,NONMMUG009624
NONMMUG010358,NONMMUG010358,NONMMUG010358
NONMMUG011496,NONMMUG011496,NONMMUG011496
NONMMUG013007,NONMMUG013007,NONMMUG013007
NONMMUG019361,NONMMUG019361,NONMMUG019361
NONMMUG022709,NONMMUG022709,NONMMUG022709
NONMMUG025409,NONMMUG025409,3230401D17Rik
NONMMUG031815,NONMMUG031815,NONMMUG031815
NONMMUG031867,NONMMUG031867,NONMMUG031867
NONMMUG031928,NONMMUG031928,NONMMUG031928
NONMMUG033484,NONMMUG033484,NONMMUG033484
NONMMUG033996,NONMMUG033996,NONMMUG033996
NONMMUG034903,NONMMUG034903,NONMMUG034903
NONMMUG035303,NONMMUG035303,NONMMUG035303
NONMMUG036341,NONMMUG036341,NONMMUG036341
NONMMUG036414,NONMMUG036414,NONMMUG036414
NONMMUG037688,NONMMUG037688,NONMMUG037688
NONMMUG039734,NONMMUG039734,NONMMUG039734
NONMMUG040477,NONMMUG040477,NONMMUG040477
NONMMUG040510,NONMMUG040510,NONMMUG040510
NONMMUG043658,NONMMUG043658,NONMMUG043658
NONMMUG045296,NONMMUG045296,Gyk
NONMMUG006755,NONMMUG006755,NONMMUG006755
NONMMUG008566,NONMMUG008566,NONMMUG008566
NONMMUG022223,NONMMUG022223,NONMMUG022223
NONMMUG025135,NONMMUG025135,NONMMUG025135
NONMMUG041427,NONMMUG041427,NONMMUG041427
NONMMUG000246,NONMMUG000246,mmu-mir-30c-2
NONMMUG000416,NONMMUG000416,NONMMUG000416
NONMMUG000419,NONMMUG000419,NONMMUG000419
NONMMUG000509,NONMMUG000509,NONMMUG000509
NONMMUG000655,NONMMUG000655,NONMMUG000655
NONMMUG000889,NONMMUG000889,NONMMUG000889
NONMMUG000963,NONMMUG000963,NONMMUG000962
NONMMUG001041,NONMMUG001041,NONMMUG001041
NONMMUG001136,NONMMUG001136,NONMMUG001136
NONMMUG001245,NONMMUG001245,NONMMUG001245
NONMMUG001287,NONMMUG001287,NONMMUG001287
NONMMUG001808,NONMMUG001808,Chi3l1
NONMMUG002044,NONMMUG002044,NONMMUG002044
NONMMUG002113,NONMMUG002113,NONMMUG002113
NONMMUG002306,NONMMUG002306,NONMMUG002306
NONMMUG002415,NONMMUG002415,1700009P17Rik
NONMMUG002481,NONMMUG002481,NONMMUG002481
NONMMUG002605,NONMMUG002605,NONMMUG002605
NONMMUG002632,NONMMUG002632,NONMMUG002632
NONMMUG002793,NONMMUG002793,Gm17566
NONMMUG002813,NONMMUG002813,NONMMUG002813
NONMMUG002818,NONMMUG002818,NONMMUG002818
NONMMUG002894,NONMMUG002894,NONMMUG002894
NONMMUG002955,NONMMUG002955,NONMMUG002955
NONMMUG003027,NONMMUG003027,NONMMUG003027
NONMMUG003031,NONMMUG003031,NONMMUG003031
NONMMUG003116,NONMMUG003116,AC153562.1
NONMMUG003146,NONMMUG003146,NONMMUG003146
NONMMUG003151,NONMMUG003151,NONMMUG003151
NONMMUG003175,NONMMUG003175,NONMMUG003175
NONMMUG003316,NONMMUG003316,NONMMUG003316
NONMMUG003434,NONMMUG003434,NONMMUG003434
NONMMUG003468,NONMMUG003468,NONMMUG003468
NONMMUG003639,NONMMUG003639,NONMMUG003639
NONMMUG003673,NONMMUG003673,NONMMUG003673
NONMMUG003939,NONMMUG003939,NONMMUG003939
NONMMUG004020,NONMMUG004020,NONMMUG004020
NONMMUG004040,NONMMUG004040,NONMMUG004040
NONMMUG004270,NONMMUG004270,NONMMUG004270
NONMMUG004335,NONMMUG004335,NONMMUG004335
NONMMUG004922,NONMMUG004922,NONMMUG004922
NONMMUG005512,NONMMUG005512,NONMMUG005512
NONMMUG005801,NONMMUG005801,NONMMUG005801
NONMMUG006443,NONMMUG006443,NONMMUG006443
NONMMUG006720,NONMMUG006720,NONMMUG006720
NONMMUG006721,NONMMUG006721,NONMMUG006721
NONMMUG007044,NONMMUG007044,NONMMUG007044
NONMMUG007437,NONMMUG007437,NONMMUG007437
NONMMUG007800,NONMMUG007800,42073
NONMMUG007823,NONMMUG007823,NONMMUG007823
NONMMUG008283,NONMMUG008283,NONMMUG008283
NONMMUG008441,NONMMUG008441,NONMMUG008441
NONMMUG008457,NONMMUG008457,NONMMUG008457
NONMMUG008660,NONMMUG008660,NONMMUG008660
NONMMUG008675,NONMMUG008675,NONMMUG008675
NONMMUG008694,NONMMUG008694,NONMMUG008694
NONMMUG008770,NONMMUG008770,AC155258.1
NONMMUG008783,NONMMUG008783,NONMMUG008783
NONMMUG008841,NONMMUG008841,NONMMUG008841
NONMMUG008961,NONMMUG008961,NONMMUG008961
NONMMUG009112,NONMMUG009112,NONMMUG009112
NONMMUG009121,NONMMUG009121,NONMMUG009121
NONMMUG009210,NONMMUG009210,NONMMUG009210
NONMMUG009409,NONMMUG009409,NONMMUG009409
NONMMUG009528,NONMMUG009528,NONMMUG009528
NONMMUG009579,NONMMUG009579,NONMMUG009579
NONMMUG009594,NONMMUG009594,NONMMUG009594
NONMMUG009600,NONMMUG009600,NONMMUG009600
NONMMUG009746,NONMMUG009746,NONMMUG009746
NONMMUG009828,NONMMUG009828,Ifi27l1
NONMMUG010084,NONMMUG010084,NONMMUG010084
NONMMUG010089,NONMMUG010089,NONMMUG010089
NONMMUG010114,NONMMUG010114,NONMMUG010114
NONMMUG010131,NONMMUG010131,NONMMUG010131
NONMMUG010143,NONMMUG010143,NONMMUG010143
NONMMUG010148,NONMMUG010148,NONMMUG010148
NONMMUG010210,NONMMUG010210,NONMMUG010210
NONMMUG010217,NONMMUG010217,NONMMUG010217
NONMMUG010227,NONMMUG010227,NONMMUG010227
NONMMUG010376,NONMMUG010376,NONMMUG010376
NONMMUG010836,NONMMUG010836,NONMMUG010836
NONMMUG010839,NONMMUG010839,NONMMUG010839
NONMMUG011307,NONMMUG011307,NONMMUG011307
NONMMUG011340,NONMMUG011340,NONMMUG011340
NONMMUG011419,NONMMUG011419,NONMMUG011419
NONMMUG011689,NONMMUG011689,NONMMUG011689
NONMMUG011790,NONMMUG011790,NONMMUG011790
NONMMUG011803,NONMMUG011803,NONMMUG011803
NONMMUG011811,NONMMUG011811,NONMMUG011811
NONMMUG011893,NONMMUG011893,NONMMUG011893
NONMMUG011894,NONMMUG011894,NONMMUG011894
NONMMUG012037,NONMMUG012037,NONMMUG012037
NONMMUG012491,NONMMUG012491,NONMMUG012491
NONMMUG012636,NONMMUG012636,NONMMUG012636
NONMMUG013707,NONMMUG013707,NONMMUG013707
NONMMUG013740,NONMMUG013740,NONMMUG013740
NONMMUG013960,NONMMUG013960,NONMMUG013960
NONMMUG014291,NONMMUG014291,NONMMUG014291
NONMMUG014311,NONMMUG014311,NONMMUG014311
NONMMUG014341,NONMMUG014341,NONMMUG014341
NONMMUG014342,NONMMUG014342,NONMMUG014342
NONMMUG014778,NONMMUG014778,NONMMUG014778
NONMMUG014843,NONMMUG014843,NONMMUG014843
NONMMUG014941,NONMMUG014941,NONMMUG014941
NONMMUG015292,NONMMUG015292,NONMMUG015292
NONMMUG015337,NONMMUG015337,NONMMUG015337
NONMMUG015428,NONMMUG015428,NONMMUG015428
NONMMUG015442,NONMMUG015442,NONMMUG015442
NONMMUG015465,NONMMUG015465,NONMMUG015465
NONMMUG015632,NONMMUG015632,NONMMUG015632
NONMMUG015817,NONMMUG015817,NONMMUG015817
NONMMUG015819,NONMMUG015819,NONMMUG015819
NONMMUG016501,NONMMUG016501,NONMMUG016501
NONMMUG016505,NONMMUG016505,NONMMUG016505
NONMMUG016747,NONMMUG016747,NONMMUG016747
NONMMUG016928,NONMMUG016928,NONMMUG016928
NONMMUG016985,NONMMUG016985,NONMMUG016985
NONMMUG017137,NONMMUG017137,NONMMUG017137
NONMMUG017304,NONMMUG017304,NONMMUG017304
NONMMUG017325,NONMMUG017325,NONMMUG017325
NONMMUG017460,NONMMUG017460,NONMMUG017460
NONMMUG017673,NONMMUG017673,NONMMUG017673
NONMMUG018404,NONMMUG018404,NONMMUG018404
NONMMUG018522,NONMMUG018522,NONMMUG018522
NONMMUG018545,NONMMUG018545,NONMMUG018545
NONMMUG018547,NONMMUG018547,NONMMUG018547
NONMMUG019031,NONMMUG019031,NONMMUG019031
NONMMUG019064,NONMMUG019064,NONMMUG019064
NONMMUG019473,NONMMUG019473,NONMMUG019473
NONMMUG019474,NONMMUG019474,NONMMUG019474
NONMMUG019529,NONMMUG019529,NONMMUG019529
NONMMUG019530,NONMMUG019530,NONMMUG019530
NONMMUG019738,NONMMUG019738,NONMMUG019738
NONMMUG019813,NONMMUG019813,NONMMUG019813
NONMMUG019825,NONMMUG019825,NONMMUG019825
NONMMUG019837,NONMMUG019837,NONMMUG019837
NONMMUG019839,NONMMUG019839,NONMMUG019839
NONMMUG020172,NONMMUG020172,NONMMUG020172
NONMMUG020535,NONMMUG020535,NONMMUG020535
NONMMUG020959,NONMMUG020959,NONMMUG020959
NONMMUG021597,NONMMUG021597,NONMMUG021597
NONMMUG021684,NONMMUG021684,NONMMUG021684
NONMMUG022533,NONMMUG022533,NONMMUG022533
NONMMUG022736,NONMMUG022736,NONMMUG022736
NONMMUG022759,NONMMUG022759,NONMMUG022759
NONMMUG022878,NONMMUG022878,NONMMUG022878
NONMMUG023064,NONMMUG023064,NONMMUG023064
NONMMUG023065,NONMMUG023065,NONMMUG023065
NONMMUG023148,NONMMUG023148,NONMMUG023148
NONMMUG023224,NONMMUG023224,NONMMUG023224
NONMMUG023399,NONMMUG023399,NONMMUG023399
NONMMUG023757,NONMMUG023757,Sfpi1
NONMMUG023983,NONMMUG023983,NONMMUG023983
NONMMUG024132,NONMMUG024132,NONMMUG024132
NONMMUG024279,NONMMUG024279,NONMMUG024279
NONMMUG024493,NONMMUG024493,RPI002_009118
NONMMUG024640,NONMMUG024640,NONMMUG024640
NONMMUG024666,NONMMUG024666,NONMMUG024666
NONMMUG024919,NONMMUG024919,NONMMUG024919
NONMMUG025136,NONMMUG025136,NONMMUG025136
NONMMUG025201,NONMMUG025201,NONMMUG025201
NONMMUG025469,NONMMUG025469,NONMMUG025469
NONMMUG025477,NONMMUG025477,Gm11459
NONMMUG025891,NONMMUG025891,NONMMUG025891
NONMMUG026232,NONMMUG026232,NONMMUG026232
NONMMUG026353,NONMMUG026353,NONMMUG026353
NONMMUG026610,NONMMUG026610,NONMMUG026610
NONMMUG026698,NONMMUG026698,NONMMUG026698
NONMMUG026892,NONMMUG026892,NONMMUG026892
NONMMUG027092,NONMMUG027092,NONMMUG027092
NONMMUG027175,NONMMUG027175,NONMMUG027175
NONMMUG027183,NONMMUG027183,NONMMUG027183
NONMMUG027921,NONMMUG027921,NONMMUG027921
NONMMUG027988,NONMMUG027988,NONMMUG027988
NONMMUG028039,NONMMUG028039,NONMMUG028039
NONMMUG028321,NONMMUG028321,NONMMUG028321
NONMMUG028463,NONMMUG028463,NONMMUG028463
NONMMUG028766,NONMMUG028766,NONMMUG028766
NONMMUG028771,NONMMUG028771,NONMMUG028771
NONMMUG029008,NONMMUG029008,BC049635
NONMMUG029010,NONMMUG029010,NONMMUG029010
NONMMUG029183,NONMMUG029183,NONMMUG029183
NONMMUG029346,NONMMUG029346,Epb4.1l4b
NONMMUG029505,NONMMUG029505,NONMMUG029505
NONMMUG029524,NONMMUG029524,NONMMUG029524
NONMMUG029617,NONMMUG029617,NONMMUG029617
NONMMUG029930,NONMMUG029930,NONMMUG029930
NONMMUG029938,NONMMUG029938,NONMMUG029938
NONMMUG030756,NONMMUG030756,NONMMUG030756
NONMMUG030781,NONMMUG030781,Bai2
NONMMUG030787,NONMMUG030787,NONMMUG030787
NONMMUG030862,NONMMUG030862,NONMMUG030862
NONMMUG030979,NONMMUG030979,D4Wsu53e
NONMMUG031206,NONMMUG031206,NONMMUG031206
NONMMUG031676,NONMMUG031676,NONMMUG031676
NONMMUG031679,NONMMUG031679,NONMMUG031679
NONMMUG031838,NONMMUG031838,NONMMUG031838
NONMMUG031921,NONMMUG031921,NONMMUG031921
NONMMUG031938,NONMMUG031938,NONMMUG031938
NONMMUG032210,NONMMUG032210,NONMMUG032210
NONMMUG032282,NONMMUG032282,NONMMUG032282
NONMMUG032284,NONMMUG032284,NONMMUG032284
NONMMUG032394,NONMMUG032394,NONMMUG032394
NONMMUG032431,NONMMUG032431,NONMMUG032431
NONMMUG032533,NONMMUG032533,NONMMUG032533
NONMMUG032576,NONMMUG032576,NONMMUG032576
NONMMUG032647,NONMMUG032647,NONMMUG032647
NONMMUG032652,NONMMUG032652,NONMMUG032652
NONMMUG032660,NONMMUG032660,NONMMUG032660
NONMMUG032871,NONMMUG032871,NONMMUG032871
NONMMUG032886,NONMMUG032886,NONMMUG032886
NONMMUG032922,NONMMUG032922,NONMMUG032922
NONMMUG032959,NONMMUG032959,NONMMUG032959
NONMMUG033003,NONMMUG033003,NONMMUG033003
NONMMUG033210,NONMMUG033210,NONMMUG033210
NONMMUG033308,NONMMUG033308,NONMMUG033308
NONMMUG033339,NONMMUG033339,NONMMUG033339
NONMMUG033433,NONMMUG033433,NONMMUG033433
NONMMUG033449,NONMMUG033449,NONMMUG033449
NONMMUG033597,NONMMUG033597,NONMMUG033597
NONMMUG033645,NONMMUG033645,1110008J03Rik
NONMMUG033807,NONMMUG033807,NONMMUG033807
NONMMUG033971,NONMMUG033971,NONMMUG033971
NONMMUG033986,NONMMUG033986,NONMMUG033986
NONMMUG033993,NONMMUG033993,NONMMUG033993
NONMMUG034012,NONMMUG034012,NONMMUG034012
NONMMUG034073,NONMMUG034073,NONMMUG034073
NONMMUG034082,NONMMUG034082,NONMMUG034082
NONMMUG034122,NONMMUG034122,NONMMUG034122
NONMMUG034145,NONMMUG034145,Gpr30
NONMMUG034296,NONMMUG034296,NONMMUG034296
NONMMUG034324,NONMMUG034324,NONMMUG034324
NONMMUG034502,NONMMUG034502,NONMMUG034502
NONMMUG034610,NONMMUG034610,NONMMUG034610
NONMMUG034653,NONMMUG034653,NONMMUG034653
NONMMUG034770,NONMMUG034770,NONMMUG034770
NONMMUG034783,NONMMUG034783,NONMMUG034783
NONMMUG034830,NONMMUG034830,NONMMUG034830
NONMMUG034885,NONMMUG034885,NONMMUG034885
NONMMUG035133,NONMMUG035133,NONMMUG035133
NONMMUG035245,NONMMUG035245,NONMMUG035245
NONMMUG035546,NONMMUG035546,NONMMUG035546
NONMMUG035557,NONMMUG035557,NONMMUG035557
NONMMUG035844,NONMMUG035844,NONMMUG035844
NONMMUG035985,NONMMUG035985,Ccdc37
NONMMUG035996,NONMMUG035996,NONMMUG035996
NONMMUG036015,NONMMUG036015,NONMMUG036015
NONMMUG036050,NONMMUG036050,NONMMUG036050
NONMMUG036113,NONMMUG036113,NONMMUG036113
NONMMUG036180,NONMMUG036180,NONMMUG036180
NONMMUG036320,NONMMUG036320,NONMMUG036320
NONMMUG036371,NONMMUG036371,NONMMUG036371
NONMMUG036381,NONMMUG036381,NONMMUG036381
NONMMUG036772,NONMMUG036772,NONMMUG036772
NONMMUG036935,NONMMUG036935,NONMMUG036935
NONMMUG036995,NONMMUG036995,NONMMUG036995
NONMMUG037015,NONMMUG037015,NONMMUG037015
NONMMUG037156,NONMMUG037156,NONMMUG037156
NONMMUG037163,NONMMUG037163,NONMMUG037163
NONMMUG037173,NONMMUG037173,NONMMUG037173
NONMMUG037174,NONMMUG037174,NONMMUG037174
NONMMUG037272,NONMMUG037272,NONMMUG037272
NONMMUG037354,NONMMUG037354,NONMMUG037354
NONMMUG037421,NONMMUG037421,NONMMUG037421
NONMMUG037736,NONMMUG037736,NONMMUG037736
NONMMUG037853,NONMMUG037853,NONMMUG037853
NONMMUG038067,NONMMUG038067,NONMMUG038067
NONMMUG038084,NONMMUG038084,NONMMUG038084
NONMMUG038172,NONMMUG038172,NONMMUG038172
NONMMUG038174,NONMMUG038174,NONMMUG038174
NONMMUG038175,NONMMUG038175,NONMMUG038175
NONMMUG038183,NONMMUG038183,NONMMUG038183
NONMMUG038451,NONMMUG038451,NONMMUG038451
NONMMUG038553,NONMMUG038553,Fam154b
NONMMUG038656,NONMMUG038656,NONMMUG038656
NONMMUG038666,NONMMUG038666,NONMMUG038666
NONMMUG038667,NONMMUG038667,NONMMUG038667
NONMMUG038762,NONMMUG038762,NONMMUG038762
NONMMUG038866,NONMMUG038866,NONMMUG038866
NONMMUG038908,NONMMUG038908,NONMMUG038908
NONMMUG039104,NONMMUG039104,NONMMUG039104
NONMMUG039123,NONMMUG039123,NONMMUG039123
NONMMUG039182,NONMMUG039182,NONMMUG039182
NONMMUG039210,NONMMUG039210,NONMMUG039210
NONMMUG039213,NONMMUG039213,NONMMUG039213
NONMMUG039351,NONMMUG039351,NONMMUG039351
NONMMUG039501,NONMMUG039501,2700050L05Rik
NONMMUG039526,NONMMUG039526,NONMMUG039526
NONMMUG039592,NONMMUG039592,NONMMUG039592
NONMMUG039800,NONMMUG039800,NONMMUG039800
NONMMUG039976,NONMMUG039976,NONMMUG039976
NONMMUG040125,NONMMUG040125,NONMMUG040125
NONMMUG040138,NONMMUG040138,NONMMUG040138
NONMMUG040244,NONMMUG040244,NONMMUG040244
NONMMUG040484,NONMMUG040484,NONMMUG040484
NONMMUG040499,NONMMUG040499,Mlf1ip
NONMMUG040568,NONMMUG040568,NONMMUG040568
NONMMUG040581,NONMMUG040581,NONMMUG040581
NONMMUG040583,NONMMUG040583,NONMMUG040583
NONMMUG040593,NONMMUG040593,NONMMUG040593
NONMMUG040652,NONMMUG040652,NONMMUG040652
NONMMUG041124,NONMMUG041124,NONMMUG041124
NONMMUG041140,NONMMUG041140,NONMMUG041140
NONMMUG041172,NONMMUG041172,NONMMUG041172
NONMMUG041216,NONMMUG041216,NONMMUG041216
NONMMUG041251,NONMMUG041251,NONMMUG041251
NONMMUG041292,NONMMUG041292,NONMMUG041292
NONMMUG041295,NONMMUG041295,NONMMUG041295
NONMMUG041299,NONMMUG041299,NONMMUG041299
NONMMUG041303,NONMMUG041303,NONMMUG041303
NONMMUG041319,NONMMUG041319,NONMMUG041319
NONMMUG041320,NONMMUG041320,NONMMUG041320
NONMMUG041321,NONMMUG041321,NONMMUG041321
NONMMUG041365,NONMMUG041365,NONMMUG041365
NONMMUG041397,NONMMUG041397,NONMMUG041397
NONMMUG041690,NONMMUG041690,NONMMUG041690
NONMMUG041931,NONMMUG041931,NONMMUG041931
NONMMUG041943,NONMMUG041943,NONMMUG041943
NONMMUG042138,NONMMUG042138,NONMMUG042138
NONMMUG042312,NONMMUG042312,NONMMUG042312
NONMMUG042314,NONMMUG042314,NONMMUG042314
NONMMUG042316,NONMMUG042316,NONMMUG042316
NONMMUG042326,NONMMUG042326,NONMMUG042326
NONMMUG042329,NONMMUG042329,NONMMUG042329
NONMMUG042376,NONMMUG042376,NONMMUG042376
NONMMUG042549,NONMMUG042549,NONMMUG042549
NONMMUG042568,NONMMUG042568,NONMMUG042568
NONMMUG042582,NONMMUG042582,NONMMUG042582
NONMMUG042585,NONMMUG042585,NONMMUG042585
NONMMUG042590,NONMMUG042590,NONMMUG042590
NONMMUG042631,NONMMUG042631,NONMMUG042631
NONMMUG042679,NONMMUG042679,NONMMUG042679
NONMMUG042776,NONMMUG042776,NONMMUG042776
NONMMUG042955,NONMMUG042955,NONMMUG042955
NONMMUG043089,NONMMUG043089,NONMMUG043089
NONMMUG043154,NONMMUG043154,NONMMUG043154
NONMMUG043172,NONMMUG043172,NONMMUG043172
NONMMUG043320,NONMMUG043320,NONMMUG043320
NONMMUG043378,NONMMUG043378,NONMMUG043378
NONMMUG043394,NONMMUG043394,NONMMUG043394
NONMMUG043402,NONMMUG043402,NONMMUG043402
NONMMUG043473,NONMMUG043473,NONMMUG043473
NONMMUG043488,NONMMUG043488,NONMMUG043486
NONMMUG043489,NONMMUG043489,NONMMUG043489
NONMMUG043517,NONMMUG043517,NONMMUG043517
NONMMUG043523,NONMMUG043523,NONMMUG043523
NONMMUG043540,NONMMUG043540,NONMMUG043540
NONMMUG043575,NONMMUG043575,NONMMUG043575
NONMMUG043632,NONMMUG043632,NONMMUG043632
NONMMUG043638,NONMMUG043638,NONMMUG043638
NONMMUG043709,NONMMUG043709,NONMMUG043709
NONMMUG043767,NONMMUG043767,NONMMUG043767
NONMMUG043975,NONMMUG043975,NONMMUG043975
NONMMUG044006,NONMMUG044006,NONMMUG044006
NONMMUG044150,NONMMUG044150,NONMMUG044150
NONMMUG044320,NONMMUG044320,NONMMUG044320
NONMMUG044331,NONMMUG044331,NONMMUG044331
NONMMUG044418,NONMMUG044418,NONMMUG044418
NONMMUG044586,NONMMUG044586,RP23-247H23.2
NONMMUG044921,NONMMUG044921,NONMMUG044921
NONMMUG045057,NONMMUG045057,NONMMUG045057
NONMMUG045539,NONMMUG045539,NONMMUG045539
NONMMUG045581,NONMMUG045581,NONMMUG045581
NONMMUG045843,NONMMUG045843,NONMMUG045843
NONMMUG046110,NONMMUG046110,NONMMUG046110
NONMMUG000139,NONMMUG000139,NONMMUG000139
NONMMUG000256,NONMMUG000256,1110058L19Rik
NONMMUG000299,NONMMUG000299,NONMMUG000299
NONMMUG000609,NONMMUG000609,NONMMUG000609
NONMMUG000752,NONMMUG000752,NONMMUG000752
NONMMUG000962,NONMMUG000962,NONMMUG000962
NONMMUG001007,NONMMUG001007,NONMMUG001007
NONMMUG001121,NONMMUG001121,NONMMUG001121
NONMMUG001231,NONMMUG001231,NONMMUG001231
NONMMUG001401,NONMMUG001401,Mterfd2
NONMMUG001579,NONMMUG001579,NONMMUG001579
NONMMUG001860,NONMMUG001860,NONMMUG001860
NONMMUG001933,NONMMUG001933,NONMMUG001933
NONMMUG002435,NONMMUG002435,NONMMUG002435
NONMMUG002794,NONMMUG002794,NONMMUG002794
NONMMUG002956,NONMMUG002956,NONMMUG002956
NONMMUG003088,NONMMUG003088,NONMMUG003088
NONMMUG003212,NONMMUG003212,NONMMUG003212
NONMMUG003253,NONMMUG003253,NONMMUG003253
NONMMUG003772,NONMMUG003772,NONMMUG003772
NONMMUG004063,NONMMUG004063,NONMMUG004063
NONMMUG004100,NONMMUG004100,BC005764
NONMMUG004314,NONMMUG004314,NONMMUG004314
NONMMUG004409,NONMMUG004409,Gm872
NONMMUG005101,NONMMUG005101,NONMMUG005101
NONMMUG005313,NONMMUG005313,NONMMUG005313
NONMMUG005410,NONMMUG005410,NONMMUG005410
NONMMUG005689,NONMMUG005689,NONMMUG005689
NONMMUG006408,NONMMUG006408,NONMMUG006408
NONMMUG006930,NONMMUG006930,NONMMUG006930
NONMMUG006979,NONMMUG006979,NONMMUG006979
NONMMUG008243,NONMMUG008243,NONMMUG008243
NONMMUG009226,NONMMUG009226,NONMMUG009226
NONMMUG009247,NONMMUG009247,NONMMUG009247
NONMMUG009282,NONMMUG009282,NONMMUG009282
NONMMUG009477,NONMMUG009477,NONMMUG009477
NONMMUG009606,NONMMUG009606,NONMMUG009606
NONMMUG009609,NONMMUG009609,NONMMUG009609
NONMMUG009843,NONMMUG009843,NONMMUG009843
NONMMUG010178,NONMMUG010178,NONMMUG010178
NONMMUG010191,NONMMUG010191,NONMMUG010191
NONMMUG010192,NONMMUG010192,NONMMUG010192
NONMMUG010209,NONMMUG010209,NONMMUG010209
NONMMUG010407,NONMMUG010407,NONMMUG010407
NONMMUG010478,NONMMUG010478,NONMMUG010478
NONMMUG010676,NONMMUG010676,NONMMUG010676
NONMMUG010682,NONMMUG010682,NONMMUG010682
NONMMUG010683,NONMMUG010683,NONMMUG010683
NONMMUG010726,NONMMUG010726,NONMMUG010726
NONMMUG011183,NONMMUG011183,NONMMUG011183
NONMMUG011213,NONMMUG011213,NONMMUG011213
NONMMUG011298,NONMMUG011298,Mterfd1
NONMMUG011588,NONMMUG011588,NONMMUG011588
NONMMUG011762,NONMMUG011762,NONMMUG011762
NONMMUG011878,NONMMUG011878,NONMMUG011878
NONMMUG012661,NONMMUG012661,NONMMUG012661
NONMMUG012809,NONMMUG012809,NONMMUG012809
NONMMUG012864,NONMMUG012864,NONMMUG012864
NONMMUG014036,NONMMUG014036,NONMMUG014036
NONMMUG014219,NONMMUG014219,NONMMUG014219
NONMMUG014512,NONMMUG014512,NONMMUG014512
NONMMUG014779,NONMMUG014779,NONMMUG014779
NONMMUG015066,NONMMUG015066,NONMMUG015066
NONMMUG015489,NONMMUG015489,NONMMUG015489
NONMMUG015554,NONMMUG015554,NONMMUG015554
NONMMUG016099,NONMMUG016099,NONMMUG016099
NONMMUG017177,NONMMUG017177,NONMMUG017177
NONMMUG017248,NONMMUG017248,NONMMUG017248
NONMMUG017477,NONMMUG017477,NONMMUG017477
NONMMUG017478,NONMMUG017478,NONMMUG017478
NONMMUG017531,NONMMUG017531,NONMMUG017531
NONMMUG018405,NONMMUG018405,NONMMUG018405
NONMMUG019117,NONMMUG019117,NONMMUG019117
NONMMUG019244,NONMMUG019244,AC115928.1
NONMMUG019275,NONMMUG019275,NONMMUG019275
NONMMUG019531,NONMMUG019531,NONMMUG019531
NONMMUG020191,NONMMUG020191,AC108434.1
NONMMUG020726,NONMMUG020726,NONMMUG020139
NONMMUG020898,NONMMUG020898,NONMMUG020898
NONMMUG020958,NONMMUG020958,NONMMUG020958
NONMMUG021069,NONMMUG021069,NONMMUG021069
NONMMUG021201,NONMMUG021201,NONMMUG021201
NONMMUG021590,NONMMUG021590,NONMMUG021590
NONMMUG021739,NONMMUG021739,NONMMUG021739
NONMMUG021752,NONMMUG021752,NONMMUG021752
NONMMUG021753,NONMMUG021753,NONMMUG021753
NONMMUG024727,NONMMUG024727,Gm14284
NONMMUG024855,NONMMUG024855,NONMMUG024855
NONMMUG026144,NONMMUG026144,NONMMUG026144
NONMMUG026546,NONMMUG026546,NONMMUG026546
NONMMUG026578,NONMMUG026578,NONMMUG026578
NONMMUG026769,NONMMUG026769,NONMMUG026769
NONMMUG027166,NONMMUG027166,NONMMUG027166
NONMMUG027342,NONMMUG027342,NONMMUG027342
NONMMUG027504,NONMMUG027504,NONMMUG027504
NONMMUG028225,NONMMUG028225,NONMMUG028225
NONMMUG028288,NONMMUG028288,NONMMUG028288
NONMMUG028305,NONMMUG028305,NONMMUG028305
NONMMUG029676,NONMMUG029676,NONMMUG029676
NONMMUG029677,NONMMUG029677,NONMMUG029677
NONMMUG029980,NONMMUG029980,NONMMUG029980
NONMMUG031292,NONMMUG031292,NONMMUG031292
NONMMUG031441,NONMMUG031441,NONMMUG031441
NONMMUG031682,NONMMUG031682,NONMMUG031682
NONMMUG031721,NONMMUG031721,NONMMUG031721
NONMMUG032034,NONMMUG032034,NONMMUG032034
NONMMUG032117,NONMMUG032117,NONMMUG032117
NONMMUG032203,NONMMUG032203,NONMMUG032203
NONMMUG032614,NONMMUG032614,NONMMUG032614
NONMMUG032692,NONMMUG032692,NONMMUG032691
NONMMUG032822,NONMMUG032822,NONMMUG032822
NONMMUG032943,NONMMUG032943,NONMMUG032943
NONMMUG033021,NONMMUG033021,NONMMUG033021
NONMMUG033046,NONMMUG033046,NONMMUG033046
NONMMUG033083,NONMMUG033083,NONMMUG033083
NONMMUG033290,NONMMUG033290,NONMMUG033290
NONMMUG033504,NONMMUG033504,NONMMUG033504
NONMMUG033623,NONMMUG033623,NONMMUG033623
NONMMUG033643,NONMMUG033643,NONMMUG033643
NONMMUG033732,NONMMUG033732,NONMMUG033732
NONMMUG033849,NONMMUG033849,NONMMUG033849
NONMMUG033896,NONMMUG033896,NONMMUG033896
NONMMUG034040,NONMMUG034040,NONMMUG034040
NONMMUG034102,NONMMUG034102,NONMMUG034102
NONMMUG034217,NONMMUG034217,NONMMUG034217
NONMMUG034357,NONMMUG034357,NONMMUG034357
NONMMUG034390,NONMMUG034390,NONMMUG034390
NONMMUG034401,NONMMUG034401,NONMMUG034401
NONMMUG034425,NONMMUG034425,NONMMUG034425
NONMMUG034752,NONMMUG034752,NONMMUG034752
NONMMUG034994,NONMMUG034994,NONMMUG034994
NONMMUG035001,NONMMUG035001,NONMMUG035001
NONMMUG035164,NONMMUG035164,Fam115e
NONMMUG035254,NONMMUG035254,NONMMUG035254
NONMMUG035510,NONMMUG035510,AC113320.1
NONMMUG035743,NONMMUG035743,NONMMUG035743
NONMMUG035882,NONMMUG035882,NONMMUG035882
NONMMUG035938,NONMMUG035938,NONMMUG035938
NONMMUG036278,NONMMUG036278,NONMMUG036278
NONMMUG036300,NONMMUG036300,NONMMUG036300
NONMMUG036352,NONMMUG036352,NONMMUG036352
NONMMUG036353,NONMMUG036353,NONMMUG036353
NONMMUG036567,NONMMUG036567,NONMMUG035680
NONMMUG036654,NONMMUG036654,NONMMUG036654
NONMMUG036804,NONMMUG036804,NONMMUG036804
NONMMUG036811,NONMMUG036811,NONMMUG036811
NONMMUG036968,NONMMUG036968,NONMMUG036968
NONMMUG037363,NONMMUG037363,NONMMUG037363
NONMMUG037655,NONMMUG037655,NONMMUG037655
NONMMUG037752,NONMMUG037752,NONMMUG037752
NONMMUG037807,NONMMUG037807,NONMMUG037807
NONMMUG037830,NONMMUG037830,NONMMUG037830
NONMMUG037868,NONMMUG037868,NONMMUG037868
NONMMUG037899,NONMMUG037899,NONMMUG037899
NONMMUG038328,NONMMUG038328,NONMMUG038328
NONMMUG038579,NONMMUG038579,NONMMUG038579
NONMMUG038774,NONMMUG038774,NONMMUG038774
NONMMUG038807,NONMMUG038807,NONMMUG038807
NONMMUG038834,NONMMUG038834,NONMMUG038834
NONMMUG039014,NONMMUG039014,NONMMUG039014
NONMMUG039218,NONMMUG039218,NONMMUG039218
NONMMUG039669,NONMMUG039669,Gm14492
NONMMUG039855,NONMMUG039855,NONMMUG039855
NONMMUG039860,NONMMUG039860,NONMMUG039860
NONMMUG040187,NONMMUG040187,NONMMUG040187
NONMMUG040190,NONMMUG040190,NONMMUG040190
NONMMUG040467,NONMMUG040467,NONMMUG040467
NONMMUG040598,NONMMUG040598,NONMMUG040598
NONMMUG041044,NONMMUG041044,NONMMUG041044
NONMMUG041087,NONMMUG041087,RP24-64D24.4
NONMMUG041186,NONMMUG041186,NONMMUG041186
NONMMUG041294,NONMMUG041294,NONMMUG041294
NONMMUG041298,NONMMUG041298,NONMMUG041298
NONMMUG041418,NONMMUG041418,NONMMUG041418
NONMMUG041478,NONMMUG041478,NONMMUG041478
NONMMUG041538,NONMMUG041538,NONMMUG041538
NONMMUG041561,NONMMUG041561,NONMMUG041561
NONMMUG041694,NONMMUG041694,NONMMUG041694
NONMMUG041751,NONMMUG041751,NONMMUG041751
NONMMUG041793,NONMMUG041793,NONMMUG041793
NONMMUG041933,NONMMUG041933,NONMMUG041933
NONMMUG042217,NONMMUG042217,NONMMUG042217
NONMMUG042269,NONMMUG042269,NONMMUG042269
NONMMUG042315,NONMMUG042315,NONMMUG042315
NONMMUG042378,NONMMUG042378,NONMMUG042378
NONMMUG042578,NONMMUG042578,NONMMUG042578
NONMMUG042646,NONMMUG042646,NONMMUG042646
NONMMUG042891,NONMMUG042891,NONMMUG042891
NONMMUG043020,NONMMUG043020,NONMMUG043020
NONMMUG043045,NONMMUG043045,NONMMUG043045
NONMMUG043554,NONMMUG043554,NONMMUG043554
NONMMUG043654,NONMMUG043654,NONMMUG043654
NONMMUG043737,NONMMUG043737,NONMMUG043737
NONMMUG043742,NONMMUG043742,NONMMUG043742
NONMMUG043773,NONMMUG043773,NONMMUG043773
NONMMUG043827,NONMMUG043827,NONMMUG043827
NONMMUG044095,NONMMUG044095,NONMMUG044095
NONMMUG044168,NONMMUG044168,NONMMUG044168
NONMMUG044270,NONMMUG044270,NONMMUG044270
NONMMUG044275,NONMMUG044275,NONMMUG044275
NONMMUG044284,NONMMUG044284,AC121264.1
NONMMUG044304,NONMMUG044304,NONMMUG044304
NONMMUG044334,NONMMUG044334,NONMMUG044334
NONMMUG044417,NONMMUG044417,NONMMUG044417
NONMMUG045537,NONMMUG045537,NONMMUG045537
NONMMUG045548,NONMMUG045548,NONMMUG045548
NONMMUG000439,NONMMUG000439,NONMMUG000439
NONMMUG001107,NONMMUG001107,NONMMUG001107
NONMMUG001482,NONMMUG001482,NONMMUG001482
NONMMUG002873,NONMMUG002873,NONMMUG002873
NONMMUG003262,NONMMUG003262,NONMMUG003262
NONMMUG003848,NONMMUG003848,NONMMUG003848
NONMMUG004216,NONMMUG004216,NONMMUG004216
NONMMUG006541,NONMMUG006541,Lsmd1
NONMMUG007678,NONMMUG007678,NONMMUG007678
NONMMUG008423,NONMMUG008423,NONMMUG008423
NONMMUG009015,NONMMUG009015,NONMMUG009015
NONMMUG009549,NONMMUG009549,NONMMUG009549
NONMMUG009552,NONMMUG009552,NONMMUG009552
NONMMUG009618,NONMMUG009618,NONMMUG009618
NONMMUG011246,NONMMUG011246,NONMMUG011246
NONMMUG018681,NONMMUG018681,NONMMUG018681
NONMMUG019265,NONMMUG019265,NONMMUG019265
NONMMUG019831,NONMMUG019831,NONMMUG019831
NONMMUG023829,NONMMUG023829,NONMMUG023828
NONMMUG026382,NONMMUG026382,NONMMUG026382
NONMMUG026394,NONMMUG026394,NONMMUG026394
NONMMUG027165,NONMMUG027165,NONMMUG027165
NONMMUG027513,NONMMUG027513,NONMMUG027513
NONMMUG028057,NONMMUG028057,NONMMUG028057
NONMMUG028464,NONMMUG028464,NONMMUG028464
NONMMUG032052,NONMMUG032052,NONMMUG032052
NONMMUG032998,NONMMUG032998,NONMMUG032998
NONMMUG033439,NONMMUG033439,NONMMUG033439
NONMMUG033552,NONMMUG033552,NONMMUG033552
NONMMUG034972,NONMMUG034972,NONMMUG034972
NONMMUG035338,NONMMUG035338,NONMMUG035338
NONMMUG035788,NONMMUG035788,NONMMUG035788
NONMMUG036518,NONMMUG036518,NONMMUG036518
NONMMUG036565,NONMMUG036565,Leprel2
NONMMUG036644,NONMMUG036644,NONMMUG036644
NONMMUG037945,NONMMUG037945,NONMMUG037945
NONMMUG038319,NONMMUG038319,NONMMUG038319
NONMMUG038888,NONMMUG038888,NONMMUG038888
NONMMUG038985,NONMMUG038985,NONMMUG038985
NONMMUG039206,NONMMUG039206,NONMMUG039206
NONMMUG042154,NONMMUG042154,NONMMUG042154
NONMMUG043849,NONMMUG043849,NONMMUG043849
NONMMUG044309,NONMMUG044309,NONMMUG044309
-,-,4930448K12Rik
-,-,Gm11602
-,-,Gm17288
-,-,A730099G02Rik
-,-,4930483C13Rik
-,-,Gm16953
-,-,Gm11202
-,-,Gm16706
-,-,Gm17591
-,-,Gm17419
-,-,A930011O12Rik
-,-,Gm17561
-,-,Gm16684
-,-,Gm16736
-,-,Gm16724
-,-,Gm16978
-,-,1700024P03Rik
-,-,Gm16898
-,-,Gm16834
-,-,Gm17627
-,-,Gm17574
-,-,Gm17279
-,-,AC152164.1
-,-,D330022K07Rik
-,-,D230004N17Rik
-,-,Gm17683
-,-,Gm16720
-,-,Gm16750
-,-,Gm16880
-,-,4930520K10Rik
-,-,Gm17306
-,-,2310050B05Rik
-,-,Gm17499
-,-,2810442I21Rik
-,-,Gm12139
-,-,4921508A21Rik
-,-,Gm17423
-,-,RP23-25D18.6
-,-,1700064E03Rik
-,-,Gm16626
-,-,Gm11194
-,-,8430403D17Rik
-,-,4632419I22Rik
-,-,4930405P13Rik
-,-,Gm17536
-,-,Gm17639
-,-,Gm7782
-,-,Gm17447
-,-,Gm11019
-,-,Gm17403
-,-,Gm20398
-,-,Gm17625
-,-,Gm17692
-,-,Gm16957
-,-,Gm17480
-,-,BC033916
-,-,RP24-443D19.4
-,-,Gm16827
-,-,1700091E21Rik
-,-,5830416P10Rik
-,-,Gm13399
-,-,Gm13634
-,-,Gm17675
-,-,C630020P19Rik
-,-,Gm14136
-,-,Gm17513
-,-,A330050B17Rik
-,-,4930564K09Rik
-,-,Gm17525
-,-,1810035I16Rik
-,-,Gm17609
-,-,Gm17452
-,-,Gm16889
-,-,Gm17317
-,-,Gm13644
-,-,Gm16624
-,-,Gm16714
-,-,2700023E23Rik
-,-,Gm9793
-,-,Gm13826
-,-,BC060267
-,-,Gm17524
-,-,Gm17370
-,-,Gm17464
-,-,Gm17504
-,-,RP23-428N8.1
-,-,Gm10574
-,-,Gm17245
-,-,Gm16869
-,-,Gm17523
-,-,5730577I03Rik
-,-,Gm16881
-,-,Gm17397
-,-,2410133F24Rik
-,-,Gm17659
-,-,Gm16707
-,-,6720401G13Rik
-,-,Enox
-,-,Wnk3-ps
-,-,C230030N03Rik
-,-,Gm16606
-,-,Gm17543
-,-,Gm16608
-,-,Gm17444
-,-,Gm16176
-,-,Gm16320
-,-,4930557C09Rik
-,-,Gm11052
-,-,Gm17302
-,-,5430425J12Rik
-,-,Gm16542
-,-,Gm16682
-,-,2310043D23Rik
-,-,Gm17721
-,-,Gm17265
-,-,Gm16197
-,-,Gm17414
-,-,Gm17358
-,-,Gm16952
-,-,Gm17593
-,-,Gm16934
-,-,Gm17550
-,-,Gm13476
-,-,Gm17325
-,-,AI314831
-,-,BC048594
-,-,Nkx2-2as
-,-,Gm12541
-,-,Gm17587
-,-,Gm16742
-,-,Gm11932
-,-,1700066J24Rik
-,-,Gm17243
-,-,BC042782
-,-,9130206I24Rik
-,-,Gm12835
-,-,4930465A12Rik
-,-,Gm10151
-,-,Gm16832
-,-,2410137F16Rik
-,-,Gm17703
-,-,Gm17614
-,-,Gm15686
-,-,Gm16703
-,-,1700006D18Rik
-,-,Gm15623
-,-,A230071N21Rik
-,-,1110050K14Rik
-,-,1700104A03Rik
-,-,Gm17255
-,-,Gm17694
-,-,F630040L22Rik
-,-,Gm14720
-,-,Gm3677
-,-,2900056M20Rik
-,-,Gm17321
-,-,D630032N06Rik
-,-,Gm16631
-,-,Gm10497
-,-,Gm13718
-,-,Gm14495
-,-,Gm17667
-,-,Gm17580
-,-,Gm16065
-,-,Gm16896
-,-,4930524L23Rik
-,-,2900008C10Rik
-,-,Gm15070
-,-,B230209K01Rik
-,-,Gm16621
-,-,4932415G12Rik
-,-,A030009H04Rik
-,-,Gm17284
-,-,Gm17282
-,-,Gm16600
-,-,Gm17348
-,-,Gm16309
-,-,Btnl5
-,-,Gm13507
-,-,1700109F18Rik
-,-,Gm16119
-,-,A130049A11Rik
-,-,Gm17632
-,-,Gm2078
-,-,Gm16652
-,-,2010003O02Rik
-,-,Gm17408
-,-,Gm13643
-,-,Gm13098
-,-,1700030G06Rik
-,-,5830403M04Rik
-,-,Gm16728
-,-,Gm17429
-,-,1700006P19Rik
-,-,Gm17578
-,-,Gm16615
-,-,9230115E21Rik
-,-,Gm17596
-,-,Gm17427
-,-,Gm16154
-,-,Gm16950
-,-,Gm13704
-,-,Gm13706
-,-,Speer7-ps1
-,-,Gm13789
-,-,Gm16723
-,-,Gm1082
-,-,Gm17460
-,-,Gm16983
-,-,Gm16899
-,-,Gm11610
-,-,1600010F14Rik
-,-,Gm16913
-,-,Gm16641
-,-,A430104N18Rik
-,-,Has2as
-,-,Mir219-1
-,-,4930505H01Rik
-,-,Gm17437
-,-,Gm13336
-,-,5430417L22Rik
-,-,Gm14077
-,-,4930471I20Rik
-,-,1700040N02Rik
-,-,Gm16722
-,-,Gm17179
-,-,3010003L10Rik
-,-,4732418A04Rik
-,-,Gm17431
-,-,Gm15830
-,-,Gm16990
-,-,Gm17642
-,-,Gm16662
-,-,Gm17630
-,-,Gm17453
-,-,Gm12747
-,-,Gm17560
-,-,Gm17418
-,-,Gm5101
-,-,Gm3834
-,-,Gm17643
-,-,7530420F21Rik
-,-,Gm17698
-,-,Gm17520
-,-,Gm17211
-,-,Gm17407
-,-,Gm17653
-,-,Gm17566
-,-,Gm16255
-,-,Gm6846
-,-,Gm16988
-,-,Gm17442
-,-,2210417K05Rik
-,-,Gm17357
-,-,C330046G13Rik
-,-,Gm17338
-,-,Gm17277
-,-,E230015J15Rik
-,-,2900053O20Rik
-,-,Gm17500
-,-,1700013G23Rik
-,-,Gm17432
-,-,Gm16516
-,-,4930443B20Rik
-,-,4930452L02Rik
-,-,6030455H03Rik
-,-,2010012P19Rik
-,-,A030003K02Rik
-,-,4930542H20Rik
-,-,Gm11206
-,-,Gm12575
-,-,1700003F17Rik
-,-,9530048J24Rik
-,-,1110035M17Rik
-,-,Gm11538
-,-,0610040B09Rik
-,-,Gm11612
-,-,Gm12
-,-,Gm11547
-,-,Gm11648
-,-,Gm11666
-,-,Gm17246
-,-,Gm17569
-,-,Gm17433
-,-,A430071A18Rik
-,-,Gm17681
-,-,Gm20448
-,-,Gm10485
-,-,4930556N08Rik
-,-,RP23-263J2.1
-,-,Gm16866
-,-,0610009B14Rik
-,-,Gm17461
-,-,Gm17691
-,-,Gm17256
-,-,Gm16738
-,-,Gm16956
-,-,2810011L19Rik
-,-,Gm17274
-,-,Gm17626
-,-,Gm17294
-,-,Gm17360
-,-,Gm17260
-,-,Gm8619
-,-,C030044B11Rik
-,-,Gm16767
-,-,Gm16613
-,-,Gm5665
-,-,Gm17547
-,-,Gm17628
-,-,Gm17716
-,-,Gm15219
-,-,Gm16836
-,-,Gm17588
-,-,Gm15919
-,-,Gm17446
-,-,4921525B02Rik
-,-,Gm16847
-,-,Gm17668
-,-,Gm16661
-,-,Gm16718
-,-,Gm16639
-,-,RP23-167B4.2
-,-,Gm17487
-,-,Gm17401
-,-,Gm16629
-,-,Gm16257
-,-,Gm16256
-,-,4921518J05Rik
-,-,1810009N23Rik
-,-,Gm17410
-,-,Gm17734
-,-,Gm16761
-,-,Gm17516
-,-,Gm15980
-,-,Gm17496
-,-,Gm17372
-,-,Gm16190
-,-,Gm16912
-,-,0610038L08Rik
-,-,Gm17549
-,-,9530072K05Rik
-,-,Gm16862
-,-,Gm16627
-,-,Gm16825
-,-,Gm17287
-,-,Gm17417
-,-,Gm16871
-,-,Gm17652
-,-,Gm17531
-,-,Gm16882
-,-,9430076G02Rik
-,-,Gm16908
-,-,Gm16997
-,-,3010027C24Rik
-,-,Gm9783
-,-,Gm17289
-,-,4930418C01Rik
-,-,Gm16765
-,-,Gm16745
-,-,Gm17458
-,-,Gm13364
-,-,RP23-396N6.7
-,-,E130003G02Rik
-,-,Gm13520
-,-,5730588L14Rik
-,-,Gm17071
-,-,4933433P16Rik
-,-,A430092G05Rik
-,-,Gm17489
-,-,Gm17595
-,-,1500002O10Rik
-,-,BB114351
-,-,Gm20440
-,-,6720416L17Rik
-,-,Gm14090
-,-,Gm16762
-,-,Gm14105
-,-,Gm12360
-,-,Gm12357
-,-,Gm16962
-,-,BC052486
-,-,Gm17559
-,-,7530422B04Rik
-,-,0610008F07Rik
-,-,Gm11458
-,-,1300015D01Rik
-,-,Gm20514
-,-,C430002E04Rik
-,-,Gm17556
-,-,Gm17548
-,-,Gm16790
-,-,Gm16884
-,-,B930086A06Rik
-,-,2410057H14Rik
-,-,Gm16520
-,-,2510003D18Rik
-,-,Gm17726
-,-,Gm17454
-,-,Gm11818
-,-,BC024582
-,-,Gm7819
-,-,Gm16972
-,-,2900093L17Rik
-,-,2700081L22Rik
-,-,4933437N03Rik
-,-,Gm12908
-,-,4930430J20Rik
-,-,Gm13014
-,-,Gm17328
-,-,2610528B01Rik
-,-,9130020K20Rik
-,-,1810058N05Rik
-,-,D530049N12Rik
-,-,1700121F15Rik
-,-,A930028C08Rik
-,-,2610204G22Rik
-,-,Gm17585
-,-,4933426D04Rik
-,-,Gm16719
-,-,4933401P06Rik
-,-,Gm16766
-,-,Gm15865
-,-,1700022K14Rik
-,-,Gm16885
-,-,1700094C10Rik
-,-,1700112M01Rik
-,-,Gm17696
-,-,Gm17717
-,-,Gm17724
-,-,Gm13824
-,-,Gm2301
-,-,Gm16338
-,-,4930568K20Rik
-,-,1700085B03Rik
-,-,Gm17398
-,-,Gm17465
-,-,Gm13845
-,-,Gm13851
-,-,9430029A11Rik
-,-,B230378P21Rik
-,-,Gm17451
-,-,Gm15463
-,-,Gm15055
-,-,Gm15051
-,-,5730446D14Rik
-,-,2700086A05Rik
-,-,RP23-329P9.11
-,-,Hoxa11as
-,-,Gm16601
-,-,Gm17554
-,-,Gm20423
-,-,RP23-252I12.4
-,-,Gm16628
-,-,Gm16748
-,-,Gm17519
-,-,Gm4485
-,-,Gm16749
-,-,Gm17456
-,-,Gm17395
-,-,Klra23
-,-,Gm15685
-,-,4933425H06Rik
-,-,Gm15705
-,-,B230104C08Rik
-,-,Gm17502
-,-,Gm7235
-,-,Gm16266
-,-,Gm17375
-,-,Gm16733
-,-,Gm16737
-,-,Gm17445
-,-,Gm16799
-,-,Gm17551
-,-,Gm17327
-,-,Gm16929
-,-,1700081H22Rik
-,-,Gm16936
-,-,Gm16744
-,-,Gm16890
-,-,Gm17719
-,-,Gm17468
-,-,Gm17685
-,-,Gm17362
-,-,Gm16625
-,-,Gm17517
-,-,Gm10664
-,-,Gm17236
-,-,Gm7677
-,-,Gm16529
-,-,Gm16994
-,-,Gm2529
-,-,C230036H16Rik
-,-,D230002A01Rik
-,-,Gm17272
-,-,A130066N16Rik
-,-,Gm3906
-,-,Gm16960
-,-,Gm17400
-,-,Gm17406
-,-,Gm16875
-,-,Gm17254
-,-,Gm17708
-,-,4930596M17Rik
-,-,2900002K06Rik
-,-,4930403L05Rik
-,-,Gm17637
-,-,1700023I07Rik
-,-,Gm16462
-,-,Gm17594
-,-,Gm16795
-,-,1700045I19Rik
-,-,Gm17280
-,-,Gm15588
-,-,Gm16727
-,-,Gm11647
-,-,Gm17603
-,-,Gm17670
-,-,Gm17640
-,-,Gm16801
-,-,Gm17262
-,-,Gm16317
-,-,Gm17704
-,-,B230314M03Rik
-,-,Gm17629
-,-,Gm15605
-,-,Gm17710
-,-,2900053A13Rik
-,-,Gm17371
-,-,Gm17291
-,-,Gm12228
-,-,H2-Q8
-,-,Gm17557
-,-,Gm14047
-,-,Gm17608
-,-,Gm10396
-,-,Gm17475
-,-,RP24-286J21.3
-,-,Gm5918
-,-,Gm20393
-,-,Gm17311
-,-,Gm12233
-,-,Gm17286
-,-,Gm15817
-,-,D930049A15Rik
-,-,Gm16705
-,-,Gm17715
-,-,1700058G18Rik
-,-,4930564G21Rik
-,-,Gm17335
-,-,1500016L03Rik
-,-,Gm17712
-,-,Gm16989
-,-,Gm17290
-,-,Gm17481
-,-,Gm10818
-,-,Gm17238
-,-,Gm20424
-,-,1700011J10Rik
-,-,Gm13705
-,-,C330008G21Rik
-,-,Gm17388
-,-,Gm13037
-,-,Gm13116
-,-,Gm17493
-,-,Gm17515
-,-,Gm17725
-,-,Vax2os1
-,-,Gm17701
-,-,Gm17248
-,-,Gm17512
-,-,Gm15024
-,-,Gm17605
-,-,Gm17470
-,-,Gm16961
-,-,Gm16977
-,-,Gm10474
-,-,5330430P22Rik
-,-,E030007J07Rik
-,-,Gm17599
-,-,Gm19980
-,-,Igf2as
-,-,RP23-11C16.11
-,-,Gm16786
-,-,Gm12283
-,-,Gm11641
-,-,Gm11721
-,-,Gm16831
-,-,Gm8327
-,-,Gm15797
-,-,5530401N12Rik
-,-,Gm14872
-,-,4921530L18Rik
-,-,Gm13447
-,-,Gm14256
-,-,Gm16743
-,-,Gm15552
-,-,Gm17702
-,-,Gm17341
-,-,4732447D17Rik
-,-,Gm17346
-,-,Gm17369
-,-,Gm16854
-,-,Gm17440
-,-,4921522H14Rik
-,-,4930555J06Rik
-,-,Gm16292
-,-,Gm16598
-,-,Gm16067
-,-,Gm17270
-,-,Gm17393
-,-,Rpl29-ps3
-,-,Gm16789
-,-,RP23-368M21.6
-,-,Gm17565
-,-,Gm15548
-,-,Gm16760
-,-,Gm17682
-,-,Gm17292
-,-,2210416O15Rik
-,-,C920011F04Rik
-,-,Gm17568
-,-,RP23-108F2.2
-,-,0610038P03Rik
-,-,Gm14259
-,-,Gm17240
-,-,A730085A09Rik
-,-,Gm17598
-,-,Gm17263
-,-,Gm16704
-,-,Nphs1as
-,-,lnc-31
-,-,Myolinc
NONHSAG042970,NONHSAG042970,HULC
-,-,Chaer
-,-,uc.48+
-,-,Ptn-dt
-,-,Lnc-HC
ENSG00000240498,ENSG00000240498,ANRIL
ENSMUSG00000024219,ENSMUSG00000024219,SAM
-,-,AK035396
-,-,BS-DRL1
-,-,G3R1
-,-,Oct4P4
-,-,Oplr16
-,-,TCONS_00147848
